연도,순위,선수명,팀명,POS,G,GS,IP,E,PKO,PO,A,DP,FPCT,PB,SB,CS,CS%,POS_EN
2022,1,배정대,KT,중견수,144,134,1195.6666666666667,3,0,313,5,1,0.991,0,0,0,,CF
2022,1,박해민,LG,중견수,144,142,1205.0,2,0,355,3,0,0.994,0,0,0,,CF
2022,3,오지환,LG,유격수,142,137,1167.0,16,0,210,359,83,0.973,0,0,0,,SS
2022,4,황재균,KT,3루수,138,133,1147.6666666666667,12,0,87,207,19,0.961,0,0,0,,3B
2022,4,송성문,키움,3루수,138,137,1216.0,15,0,89,250,23,0.958,0,0,0,,3B
2022,4,박성한,SSG,유격수,138,131,1176.0,24,0,215,376,97,0.961,0,0,0,,SS
2022,7,이지영,키움,포수,137,102,994.6666666666666,11,0,818,77,9,0.988,4,67,33,33.0,C
2022,7,김선빈,KIA,2루수,137,134,1134.3333333333333,10,0,246,334,80,0.983,0,0,0,,2B
2022,9,유강남,LG,포수,134,115,1008.3333333333334,7,1,821,71,8,0.992,4,91,19,17.3,C
2022,9,이정후,키움,중견수,134,132,1155.3333333333333,2,0,304,7,1,0.994,0,0,0,,CF
2022,11,나성범,KIA,우익수,132,132,1131.6666666666667,3,0,223,4,1,0.987,0,0,0,,RF
2022,11,터크먼,한화,중견수,132,129,1103.6666666666667,5,0,355,8,2,0.986,0,0,0,,CF
2022,13,박찬호,KIA,유격수,130,128,1103.3333333333333,22,0,215,338,66,0.962,0,0,0,,SS
2022,14,심우준,KT,유격수,129,124,1048.3333333333333,16,0,211,298,81,0.97,0,0,0,,SS
2022,14,황대인,KIA,1루수,129,127,1041.3333333333333,7,0,955,68,82,0.993,0,0,0,,1B
2022,16,김혜성,키움,2루수,127,123,1080.0,11,0,293,371,85,0.984,0,0,0,,2B
2022,17,박세혁,두산,포수,126,110,884.0,5,0,689,68,10,0.993,7,74,21,22.1,C
2022,18,강승호,두산,2루수,124,110,945.3333333333334,14,0,204,300,69,0.973,0,0,0,,2B
2022,18,정수빈,두산,중견수,124,109,979.6666666666666,1,0,289,3,0,0.997,0,0,0,,CF
2022,20,소크라테스,KIA,중견수,123,122,1009.6666666666666,5,0,302,1,0,0.984,0,0,0,,CF
2022,21,피렐라,삼성,좌익수,121,121,1026.3333333333333,5,0,228,7,1,0.979,0,0,0,,LF
2022,21,채은성,LG,1루수,121,120,935.0,10,0,896,53,90,0.99,0,0,0,,1B
2022,23,허경민,두산,3루수,120,117,976.3333333333334,9,0,111,158,17,0.968,0,0,0,,3B
2022,23,한유섬,SSG,우익수,120,114,979.6666666666666,0,0,210,4,0,1.0,0,0,0,,RF
2022,25,오재일,삼성,1루수,119,112,949.0,5,0,881,76,87,0.995,0,0,0,,1B
2022,26,최정,SSG,3루수,117,115,958.3333333333334,12,0,71,170,12,0.953,0,0,0,,3B
2022,26,한동희,롯데,3루수,117,112,975.0,19,0,54,177,18,0.924,0,0,0,,3B
2022,28,정은원,한화,2루수,116,114,981.6666666666666,17,0,247,272,63,0.968,0,0,0,,2B
2022,29,최지훈,SSG,중견수,114,106,921.6666666666666,1,0,241,8,2,0.996,0,0,0,,CF
2022,29,박동원,KIA,포수,114,98,865.0,5,2,703,71,8,0.994,5,40,22,35.5,C
2022,31,하주석,한화,유격수,110,104,899.0,19,0,135,275,41,0.956,0,0,0,,SS
2022,32,손아섭,NC,우익수,108,108,894.6666666666666,3,0,193,7,3,0.985,0,0,0,,RF
2022,33,박병호,KT,1루수,107,105,873.0,7,0,861,73,82,0.993,0,0,0,,1B
2022,34,최재훈,한화,포수,106,101,853.6666666666666,3,1,644,78,10,0.996,7,73,34,31.8,C
2022,35,김재환,두산,좌익수,105,104,825.6666666666666,3,0,191,6,0,0.985,0,0,0,,LF
2022,35,김휘집,키움,유격수,105,95,798.0,15,0,138,257,40,0.963,0,0,0,,SS
2022,35,김성현,SSG,2루수,105,67,649.0,7,0,131,230,58,0.981,0,0,0,,2B
2022,35,안치홍,롯데,2루수,105,102,825.0,11,0,170,262,61,0.975,0,0,0,,2B
2022,39,홍창기,LG,우익수,104,97,828.6666666666666,1,0,165,6,3,0.994,0,0,0,,RF
2022,39,전준우,롯데,좌익수,104,99,854.0,2,0,162,2,0,0.988,0,0,0,,LF
2022,41,류지혁,KIA,3루수,103,93,785.6666666666666,11,0,62,139,14,0.948,0,0,0,,3B
2022,42,김현준,삼성,중견수,102,92,799.3333333333334,3,0,232,4,0,0.987,0,0,0,,CF
2022,42,전병우,키움,1루수,102,40,512.0,5,0,530,37,56,0.991,0,0,0,,1B
2022,44,장성우,KT,포수,101,87,763.6666666666666,7,0,661,39,2,0.99,1,46,17,27.0,C
2022,45,이재원,SSG,포수,100,78,660.3333333333334,4,0,567,20,8,0.993,0,55,6,9.8,C
2022,45,박민우,NC,2루수,100,97,840.0,8,0,197,246,59,0.982,0,0,0,,2B
2022,47,김재호,두산,유격수,98,61,580.0,6,0,111,184,43,0.98,0,0,0,,SS
2022,47,김민식,SSG,포수,98,64,595.0,5,3,462,50,3,0.99,3,39,17,30.4,C
2022,49,구자욱,삼성,우익수,97,96,838.6666666666666,4,0,166,5,0,0.977,0,0,0,,RF
2022,49,문보경,LG,3루수,97,94,749.0,4,0,40,135,20,0.978,0,0,0,,3B
2022,51,김지찬,삼성,2루수,96,83,734.3333333333334,18,0,194,251,55,0.961,0,0,0,,2B
2022,51,김현수,LG,좌익수,96,94,802.3333333333334,2,0,172,4,1,0.989,0,0,0,,LF
2022,51,푸이그,키움,우익수,96,96,842.6666666666666,6,0,150,8,1,0.963,0,0,0,,RF
2022,51,양의지,NC,포수,96,89,736.6666666666666,2,1,688,54,5,0.997,5,26,19,42.2,C
2022,55,강민호,삼성,포수,95,83,714.3333333333334,4,0,546,41,2,0.993,2,27,14,34.1,C
2022,56,정보근,롯데,포수,94,67,585.6666666666666,6,0,592,43,4,0.991,6,34,11,24.4,C
2022,57,노수광,한화,좌익수,93,76,648.6666666666666,4,0,168,5,0,0.977,0,0,0,,LF
2022,58,조용호,KT,우익수,92,92,675.3333333333334,0,0,131,7,0,1.0,0,0,0,,RF
2022,59,이창진,KIA,좌익수,89,85,722.6666666666666,0,0,165,3,0,1.0,0,0,0,,LF
2022,60,박경수,KT,2루수,86,45,413.3333333333333,7,0,80,155,29,0.971,0,0,0,,2B
2022,60,이학주,롯데,유격수,86,68,616.0,12,0,119,200,49,0.964,0,0,0,,SS
2022,62,오윤석,KT,2루수,85,75,594.6666666666666,8,0,133,221,49,0.978,0,0,0,,2B
2022,62,양석환,두산,1루수,85,83,685.0,10,0,629,55,54,0.986,0,0,0,,1B
2022,64,오태곤,SSG,좌익수,81,50,488.0,1,0,117,7,1,0.992,0,0,0,,LF
2022,65,김준태,KT,포수,79,57,504.6666666666667,3,0,414,22,1,0.993,7,21,6,22.2,C
2022,65,김민성,LG,3루수,79,25,313.3333333333333,3,0,19,46,3,0.956,0,0,0,,3B
2022,65,김주원,NC,유격수,79,70,636.3333333333334,11,0,139,206,48,0.969,0,0,0,,SS
2022,68,김범수,한화,투수,78,0,66.0,1,0,5,11,1,0.941,0,0,0,,P
2022,69,박건우,NC,중견수,77,76,621.0,3,0,146,3,0,0.98,0,0,0,,CF
2022,69,정훈,롯데,1루수,77,74,614.6666666666666,2,0,561,43,49,0.997,0,0,0,,1B
2022,71,김민수,KT,투수,76,0,80.66666666666667,2,0,3,13,1,0.889,0,0,0,,P
2022,71,오영수,NC,1루수,76,63,553.6666666666666,4,0,486,40,50,0.992,0,0,0,,1B
2022,71,고승민,롯데,우익수,76,62,521.6666666666666,2,0,107,4,0,0.982,0,0,0,,RF
2022,74,송민섭,KT,우익수,75,4,161.33333333333334,1,0,36,0,0,0.973,0,0,0,,RF
2022,74,피터스,롯데,중견수,75,72,630.6666666666666,2,0,140,2,1,0.986,0,0,0,,CF
2022,74,이준영,KIA,투수,75,0,46.333333333333336,3,1,2,13,1,0.833,0,0,0,,P
2022,74,김인환,한화,1루수,75,71,603.6666666666666,5,0,567,56,48,0.992,0,0,0,,1B
2022,78,노시환,한화,3루수,74,69,594.6666666666666,7,0,49,104,10,0.956,0,0,0,,3B
2022,79,구승민,롯데,투수,73,0,62.0,0,0,2,6,0,1.0,0,0,0,,P
2022,80,안재석,두산,유격수,72,54,459.6666666666667,13,0,99,144,36,0.949,0,0,0,,SS
2022,80,김영규,NC,투수,72,0,66.0,0,0,5,17,2,1.0,0,0,0,,P
2022,82,지시완,롯데,포수,71,48,426.3333333333333,2,0,388,23,4,0.995,2,42,9,17.6,C
2022,83,김민혁,KT,좌익수,70,61,455.0,0,0,112,3,1,1.0,0,0,0,,LF
2022,83,조용호,KT,좌익수,70,29,311.3333333333333,0,0,65,1,0,1.0,0,0,0,,LF
2022,83,마티니,NC,좌익수,70,56,508.0,2,0,107,3,0,0.982,0,0,0,,LF
2022,86,김태군,삼성,포수,69,40,390.0,1,0,323,26,3,0.997,1,14,12,46.2,C
2022,86,김도영,KIA,3루수,69,44,407.0,11,0,47,83,8,0.922,0,0,0,,3B
2022,88,김명신,두산,투수,68,0,79.66666666666667,0,0,4,9,2,1.0,0,0,0,,P
2022,88,문보경,LG,1루수,68,19,257.6666666666667,2,0,238,20,26,0.992,0,0,0,,1B
2022,88,서진용,SSG,투수,68,0,67.33333333333333,0,2,6,10,0,1.0,0,0,0,,P
2022,88,원종현,NC,투수,68,0,63.333333333333336,2,0,3,8,2,0.846,0,0,0,,P
2022,88,김유영,롯데,투수,68,0,51.0,1,0,4,8,1,0.923,0,0,0,,P
2022,88,최준용,롯데,투수,68,0,71.0,0,0,6,9,1,1.0,0,0,0,,P
2022,94,김진성,LG,투수,67,0,58.0,0,0,0,10,0,1.0,0,0,0,,P
2022,94,정우영,LG,투수,67,0,58.0,0,0,0,17,3,1.0,0,0,0,,P
2022,96,신준우,키움,유격수,66,16,196.33333333333331,2,0,31,76,20,0.982,0,0,0,,SS
2022,96,이명기,NC,좌익수,66,58,477.6666666666667,4,0,90,2,0,0.958,0,0,0,,LF
2022,98,이정용,LG,투수,65,0,59.333333333333336,1,0,1,7,0,0.889,0,0,0,,P
2022,98,김재웅,키움,투수,65,0,62.66666666666666,0,0,3,7,0,1.0,0,0,0,,P
2022,98,김준완,키움,좌익수,65,39,399.3333333333333,1,0,92,2,1,0.989,0,0,0,,LF
2022,101,진해수,LG,투수,64,0,45.0,0,0,3,6,0,1.0,0,0,0,,P
2022,101,김택형,SSG,투수,64,0,60.333333333333336,1,0,3,6,0,0.9,0,0,0,,P
2022,101,박승욱,롯데,유격수,64,49,419.6666666666667,9,0,81,113,23,0.956,0,0,0,,SS
2022,101,한승택,KIA,포수,64,34,299.6666666666667,0,1,243,25,0,1.0,2,17,7,29.2,C
2022,101,장시환,한화,투수,64,0,63.66666666666666,0,0,4,7,1,1.0,0,0,0,,P
2022,106,서건창,LG,2루수,63,54,474.0,4,0,98,154,41,0.984,0,0,0,,2B
2022,106,허도환,LG,포수,63,27,254.66666666666663,0,0,211,13,0,1.0,3,22,2,8.3,C
2022,106,최주환,SSG,2루수,63,58,435.0,7,0,81,131,23,0.968,0,0,0,,2B
2022,106,크론,SSG,1루수,63,61,533.6666666666666,3,0,542,43,54,0.995,0,0,0,,1B
2022,110,전의산,SSG,1루수,62,56,477.6666666666667,8,0,441,29,39,0.983,0,0,0,,1B
2022,110,최경모,SSG,3루수,62,9,157.66666666666666,3,0,15,35,1,0.943,0,0,0,,3B
2022,112,김재윤,KT,투수,61,0,66.33333333333333,0,0,2,1,0,1.0,0,0,0,,P
2022,112,강한울,삼성,3루수,61,36,336.3333333333333,6,0,26,71,6,0.942,0,0,0,,3B
2022,112,고우석,LG,투수,61,0,60.66666666666666,2,0,4,8,2,0.857,0,0,0,,P
2022,112,김태연,한화,3루수,61,58,473.3333333333333,11,0,52,101,11,0.933,0,0,0,,3B
2022,116,우규민,삼성,투수,60,0,47.0,0,2,1,9,1,1.0,0,0,0,,P
2022,116,이용규,키움,좌익수,60,56,442.3333333333333,2,0,89,2,0,0.978,0,0,0,,LF
2022,116,김강민,SSG,중견수,60,35,341.0,0,0,85,0,0,1.0,0,0,0,,CF
2022,116,노진혁,NC,유격수,60,53,441.3333333333333,8,0,77,125,25,0.962,0,0,0,,SS
2022,120,장승현,두산,포수,59,24,260.3333333333333,4,0,194,14,1,0.981,2,15,4,21.1,C
2022,120,김대유,LG,투수,59,0,39.66666666666666,0,0,3,0,0,1.0,0,0,0,,P
2022,120,김시훈,NC,투수,59,7,83.33333333333333,3,0,2,10,0,0.8,0,0,0,,P
2022,120,노진혁,NC,3루수,59,57,465.3333333333333,8,0,34,72,5,0.93,0,0,0,,3B
2022,120,이용찬,NC,투수,59,0,60.66666666666666,1,1,2,6,1,0.889,0,0,0,,P
2022,125,알포드,KT,좌익수,58,52,420.0,3,0,76,2,0,0.963,0,0,0,,LF
2022,125,주권,KT,투수,58,0,50.66666666666666,0,0,2,5,0,1.0,0,0,0,,P
2022,125,정철원,두산,투수,58,0,72.66666666666667,0,1,4,18,2,1.0,0,0,0,,P
2022,125,홍건희,두산,투수,58,0,62.0,0,0,5,12,0,1.0,0,0,0,,P
2022,125,이승현,삼성,투수,58,0,47.66666666666666,0,0,1,11,0,1.0,0,0,0,,P
2022,125,박대온,NC,포수,58,37,338.3333333333333,2,0,309,13,1,0.994,3,20,7,25.9,C
2022,131,오승환,삼성,투수,57,0,57.0,1,0,3,1,0,0.8,0,0,0,,P
2022,131,마티니,NC,1루수,57,52,396.3333333333333,10,0,335,21,29,0.973,0,0,0,,1B
2022,133,이재현,삼성,유격수,56,42,380.3333333333333,7,0,61,111,25,0.961,0,0,0,,SS
2022,133,김재현,키움,포수,56,31,217.33333333333331,4,1,149,18,3,0.977,2,16,6,27.3,C
2022,133,강재민,한화,투수,56,0,51.333333333333336,0,0,3,6,0,1.0,0,0,0,,P
2022,136,김도규,롯데,투수,55,0,51.0,0,0,1,5,1,1.0,0,0,0,,P
2022,136,정해영,KIA,투수,55,0,56.0,1,0,4,8,0,0.923,0,0,0,,P
2022,138,이승현,삼성,투수,54,0,50.0,0,0,2,6,2,1.0,0,0,0,,P
2022,138,황성빈,롯데,중견수,54,49,388.6666666666667,5,0,94,1,1,0.95,0,0,0,,CF
2022,138,장현식,KIA,투수,54,0,52.0,1,0,4,7,1,0.917,0,0,0,,P
2022,138,이진영,한화,우익수,54,47,414.6666666666667,1,0,73,3,0,0.987,0,0,0,,RF
2022,142,오선진,삼성,3루수,53,36,326.6666666666667,4,0,26,56,4,0.953,0,0,0,,3B
2022,142,이승호,키움,투수,53,0,50.333333333333336,0,0,0,5,1,1.0,0,0,0,,P
2022,142,박준영,NC,3루수,53,40,369.3333333333333,9,0,34,75,7,0.924,0,0,0,,3B
2022,145,박영현,KT,투수,52,0,51.66666666666666,1,0,0,6,0,0.857,0,0,0,,P
2022,145,안권수,두산,우익수,52,39,366.3333333333333,6,0,82,4,0,0.935,0,0,0,,RF
2022,145,김종수,한화,투수,52,0,45.0,1,1,2,6,0,0.889,0,0,0,,P
2022,145,윤호솔,한화,투수,52,0,42.333333333333336,1,0,1,2,0,0.75,0,0,0,,P
2022,149,최민준,SSG,투수,51,1,68.33333333333333,1,2,6,10,0,0.941,0,0,0,,P
2022,149,류진욱,NC,투수,51,0,46.333333333333336,2,0,2,5,0,0.778,0,0,0,,P
2023,1,박해민,LG,중견수,142,136,1187.6666666666667,3,0,338,2,1,0.991,0,0,0,,CF
2023,2,이재현,삼성,유격수,140,135,1156.3333333333333,20,0,222,341,70,0.966,0,0,0,,SS
2023,3,정수빈,두산,중견수,135,131,1111.0,0,0,318,8,2,1.0,0,0,0,,CF
2023,4,김상수,KT,유격수,129,123,1020.3333333333334,6,0,176,259,54,0.986,0,0,0,,SS
2023,5,박성한,SSG,유격수,128,124,1090.3333333333333,19,0,218,368,90,0.969,0,0,0,,SS
2023,5,문보경,LG,3루수,128,126,1090.6666666666667,20,0,104,183,24,0.935,0,0,0,,3B
2023,5,박동원,LG,포수,128,112,982.0,8,4,751,72,9,0.99,8,83,19,18.6,C
2023,5,박찬호,KIA,유격수,128,121,1042.6666666666667,14,0,206,303,68,0.973,0,0,0,,SS
2023,9,김주원,NC,유격수,127,122,1030.0,29,0,177,313,67,0.944,0,0,0,,SS
2023,10,김혜성,키움,2루수,126,124,1067.0,15,0,247,374,79,0.976,0,0,0,,2B
2023,10,허경민,두산,3루수,126,116,997.6666666666666,5,0,90,155,15,0.98,0,0,0,,3B
2023,12,오지환,LG,유격수,125,115,1010.6666666666666,14,0,176,275,64,0.97,0,0,0,,SS
2023,12,김민석,롯데,중견수,125,107,933.6666666666666,1,0,243,3,0,0.996,0,0,0,,CF
2023,14,노시환,한화,3루수,122,121,1065.6666666666667,19,0,114,228,20,0.947,0,0,0,,3B
2023,15,김민식,SSG,포수,121,87,786.6666666666666,1,4,601,62,7,0.998,6,65,18,21.7,C
2023,16,최재훈,한화,포수,120,106,884.3333333333334,3,2,704,67,4,0.996,6,60,27,31.0,C
2023,17,장성우,KT,포수,116,104,886.0,6,0,719,43,10,0.992,2,76,13,14.6,C
2023,18,최정,SSG,3루수,114,112,934.3333333333334,13,0,70,175,24,0.95,0,0,0,,3B
2023,18,오스틴,LG,1루수,114,113,930.3333333333334,14,0,832,72,88,0.985,0,0,0,,1B
2023,18,김선빈,KIA,2루수,114,111,895.3333333333334,7,0,180,270,74,0.985,0,0,0,,2B
2023,18,박민우,NC,2루수,114,108,874.6666666666666,15,0,196,264,56,0.968,0,0,0,,2B
2023,22,소크라테스,KIA,중견수,113,106,827.3333333333334,2,0,249,2,0,0.992,0,0,0,,CF
2023,23,알포드,KT,좌익수,112,108,858.0,3,0,209,5,1,0.986,0,0,0,,LF
2023,24,양석환,두산,1루수,111,111,920.6666666666666,10,0,785,64,69,0.988,0,0,0,,1B
2023,25,최지훈,SSG,중견수,109,100,871.6666666666666,3,0,225,3,1,0.987,0,0,0,,CF
2023,25,유강남,롯데,포수,109,98,821.0,4,0,714,60,2,0.995,9,71,20,22.0,C
2023,27,황재균,KT,3루수,107,103,895.0,11,0,82,162,14,0.957,0,0,0,,3B
2023,27,노진혁,롯데,유격수,107,95,827.0,11,0,142,220,50,0.971,0,0,0,,SS
2023,29,홍창기,LG,우익수,104,97,841.6666666666666,2,0,198,7,3,0.99,0,0,0,,RF
2023,29,김현준,삼성,중견수,104,101,872.0,5,0,301,4,2,0.984,0,0,0,,CF
2023,31,에레디아,SSG,좌익수,101,97,843.6666666666666,5,0,201,10,1,0.977,0,0,0,,LF
2023,31,박경수,KT,2루수,101,52,503.0,4,0,117,179,35,0.987,0,0,0,,2B
2023,31,강민호,삼성,포수,101,94,786.6666666666666,3,0,579,49,4,0.995,4,50,12,19.4,C
2023,31,정은원,한화,2루수,101,92,797.6666666666666,8,0,188,245,57,0.982,0,0,0,,2B
2023,35,김동헌,키움,포수,100,48,522.0,4,0,377,43,5,0.991,7,49,21,30.0,C
2023,36,류지혁,삼성,3루수,99,83,690.6666666666666,6,0,56,124,14,0.968,0,0,0,,3B
2023,36,피렐라,삼성,좌익수,99,95,809.0,1,0,171,6,0,0.994,0,0,0,,LF
2023,38,배정대,KT,중견수,97,93,800.0,1,0,246,6,3,0.996,0,0,0,,CF
2023,38,양의지,두산,포수,97,93,773.0,3,1,635,48,8,0.996,6,28,17,37.8,C
2023,38,이도윤,한화,유격수,97,90,746.0,8,0,157,203,43,0.978,0,0,0,,SS
2023,41,서호철,NC,3루수,96,78,690.0,10,0,66,133,19,0.952,0,0,0,,3B
2023,42,윤동희,롯데,우익수,94,79,716.3333333333334,3,0,156,2,0,0.981,0,0,0,,RF
2023,43,안치홍,롯데,2루수,93,87,699.0,2,0,175,209,40,0.995,0,0,0,,2B
2023,43,강승호,두산,2루수,93,85,724.0,13,0,187,210,37,0.968,0,0,0,,2B
2023,45,박병호,KT,1루수,92,89,730.3333333333334,5,0,670,61,55,0.993,0,0,0,,1B
2023,46,김지찬,삼성,2루수,91,84,696.3333333333334,16,0,170,224,45,0.961,0,0,0,,2B
2023,47,신민재,LG,2루수,89,76,689.3333333333334,9,0,162,231,57,0.978,0,0,0,,2B
2023,48,송성문,키움,3루수,88,74,685.6666666666666,8,0,73,128,16,0.962,0,0,0,,3B
2023,48,오재일,삼성,1루수,88,80,700.0,8,0,656,53,55,0.989,0,0,0,,1B
2023,50,김태군,KIA,포수,87,72,619.0,4,0,462,47,6,0.992,3,42,13,23.6,C
2023,50,박건우,NC,우익수,87,87,686.0,0,0,133,3,0,1.0,0,0,0,,RF
2023,52,박세혁,NC,포수,86,72,620.0,1,0,524,41,8,0.998,3,50,19,27.5,C
2023,52,김재호,두산,유격수,86,71,611.3333333333334,9,0,119,166,43,0.969,0,0,0,,SS
2023,54,문성주,LG,좌익수,85,63,602.6666666666666,1,0,162,1,0,0.994,0,0,0,,LF
2023,54,권희동,NC,좌익수,85,80,660.0,2,0,153,2,0,0.987,0,0,0,,LF
2023,56,마틴,NC,중견수,84,82,681.6666666666666,2,0,187,0,0,0.989,0,0,0,,CF
2023,57,이정후,키움,중견수,81,80,698.0,1,0,204,5,1,0.995,0,0,0,,CF
2023,57,김도영,KIA,3루수,81,81,695.3333333333334,11,0,68,140,16,0.95,0,0,0,,3B
2023,59,오태곤,SSG,1루수,80,40,433.6666666666667,2,0,413,37,59,0.996,0,0,0,,1B
2023,59,김진성,LG,투수,80,0,70.33333333333333,0,0,1,6,0,1.0,0,0,0,,P
2023,59,이진영,한화,우익수,80,53,509.3333333333333,4,0,127,9,0,0.971,0,0,0,,RF
2023,62,한유섬,SSG,우익수,79,68,593.6666666666666,3,0,106,5,1,0.974,0,0,0,,RF
2023,62,박상언,한화,포수,79,38,388.6666666666667,1,1,333,34,3,0.997,4,31,15,32.6,C
2023,64,최주환,SSG,2루수,78,69,540.6666666666666,7,0,131,168,55,0.977,0,0,0,,2B
2023,64,이지영,키움,포수,78,69,539.0,4,0,467,32,3,0.992,0,52,14,21.2,C
2023,66,이형종,키움,우익수,77,61,571.6666666666666,2,0,117,5,0,0.984,0,0,0,,RF
2023,66,박승욱,롯데,2루수,77,44,447.3333333333333,8,0,104,165,38,0.971,0,0,0,,2B
2023,66,한동희,롯데,3루수,77,72,574.0,9,0,43,96,7,0.939,0,0,0,,3B
2023,69,노경은,SSG,투수,76,0,83.0,1,0,6,8,1,0.933,0,0,0,,P
2023,69,김범수,한화,투수,76,0,62.333333333333336,3,0,4,9,0,0.813,0,0,0,,P
2023,69,채은성,한화,1루수,76,68,603.3333333333334,4,0,540,30,40,0.993,0,0,0,,1B
2023,72,장승현,두산,포수,75,37,390.3333333333333,2,1,312,29,2,0.994,5,21,11,34.4,C
2023,73,김휘집,키움,유격수,74,64,578.0,14,0,102,157,40,0.949,0,0,0,,SS
2023,73,안중열,NC,포수,74,50,411.6666666666667,5,1,373,21,2,0.987,4,32,10,23.8,C
2023,73,윤형준,NC,1루수,74,57,476.0,4,0,431,35,44,0.991,0,0,0,,1B
2023,76,고효준,SSG,투수,73,0,58.0,2,1,1,8,0,0.818,0,0,0,,P
2023,77,김태훈,삼성,투수,71,0,63.333333333333336,0,0,4,14,0,1.0,0,0,0,,P
2023,78,류진욱,NC,투수,70,0,67.0,0,0,2,14,0,1.0,0,0,0,,P
2023,78,구자욱,삼성,우익수,70,69,590.6666666666666,0,0,121,3,1,1.0,0,0,0,,RF
2023,78,김명신,두산,투수,70,0,79.0,1,0,1,7,0,0.889,0,0,0,,P
2023,78,문현빈,한화,중견수,70,64,519.0,2,0,129,2,1,0.985,0,0,0,,CF
2023,82,김성현,SSG,2루수,69,44,426.0,6,0,122,144,42,0.978,0,0,0,,2B
2023,82,서진용,SSG,투수,69,0,73.0,0,0,1,4,0,1.0,0,0,0,,P
2023,82,이우성,KIA,우익수,69,54,429.6666666666667,0,0,102,4,1,1.0,0,0,0,,RF
2023,82,이창진,KIA,좌익수,69,40,392.0,1,0,92,2,0,0.989,0,0,0,,LF
2023,82,로하스,두산,좌익수,69,63,508.0,0,0,112,3,1,1.0,0,0,0,,LF
2023,87,박영현,KT,투수,68,0,75.33333333333333,0,0,5,7,0,1.0,0,0,0,,P
2023,87,김호령,KIA,중견수,68,22,288.3333333333333,1,0,97,0,0,0.99,0,0,0,,CF
2023,89,김재웅,키움,투수,67,0,59.66666666666666,0,1,1,8,0,1.0,0,0,0,,P
2023,89,유영찬,LG,투수,67,0,68.0,1,0,7,11,2,0.947,0,0,0,,P
2023,89,구승민,롯데,투수,67,0,63.66666666666666,1,0,3,11,0,0.933,0,0,0,,P
2023,89,이유찬,두산,2루수,67,41,394.0,12,0,107,123,27,0.95,0,0,0,,2B
2023,89,정철원,두산,투수,67,0,72.33333333333333,2,0,6,9,1,0.882,0,0,0,,P
2023,94,오영수,NC,1루수,66,61,482.0,8,0,417,25,35,0.982,0,0,0,,1B
2023,94,김태혁,롯데,투수,66,0,52.0,1,0,2,5,1,0.875,0,0,0,,P
2023,94,정훈,롯데,1루수,66,47,410.3333333333333,5,0,344,23,30,0.987,0,0,0,,1B
2023,97,임정호,NC,투수,65,0,50.0,1,1,0,5,0,0.833,0,0,0,,P
2023,98,손동현,KT,투수,64,0,73.66666666666667,2,2,3,8,0,0.846,0,0,0,,P
2023,98,이호연,KT,2루수,64,52,370.3333333333333,8,0,80,125,19,0.962,0,0,0,,2B
2023,98,이준영,KIA,투수,64,0,33.666666666666664,0,0,1,2,0,1.0,0,0,0,,P
2023,98,임기영,KIA,투수,64,0,82.0,0,0,0,10,1,1.0,0,0,0,,P
2023,98,전상현,KIA,투수,64,0,58.66666666666666,0,0,0,8,0,1.0,0,0,0,,P
2023,98,홍건희,두산,투수,64,0,61.66666666666666,2,0,1,7,0,0.8,0,0,0,,P
2023,98,이원석,한화,중견수,64,25,294.3333333333333,2,0,93,3,1,0.98,0,0,0,,CF
2023,105,김영규,NC,투수,63,0,61.66666666666666,0,0,6,9,2,1.0,0,0,0,,P
2023,105,김원중,롯데,투수,63,0,63.66666666666666,0,0,4,7,0,1.0,0,0,0,,P
2023,107,고승민,롯데,1루수,62,54,449.6666666666667,2,0,390,37,32,0.995,0,0,0,,1B
2023,107,박치국,두산,투수,62,0,53.0,0,0,2,3,0,1.0,0,0,0,,P
2023,109,김시훈,NC,투수,61,0,52.66666666666666,1,0,1,6,0,0.875,0,0,0,,P
2023,109,안권수,롯데,좌익수,61,32,312.6666666666667,3,0,92,4,0,0.97,0,0,0,,LF
2023,109,조수행,두산,우익수,61,34,316.3333333333333,2,0,72,2,1,0.974,0,0,0,,RF
2023,112,정우영,LG,투수,60,0,51.66666666666666,0,0,3,7,0,1.0,0,0,0,,P
2023,112,이용찬,NC,투수,60,0,61.0,1,2,7,9,0,0.941,0,0,0,,P
2023,112,이승현,삼성,투수,60,0,60.0,0,0,4,4,0,1.0,0,0,0,,P
2023,112,황성빈,롯데,좌익수,60,36,337.0,1,0,96,2,0,0.99,0,0,0,,LF
2023,116,김재윤,KT,투수,59,0,65.66666666666667,1,0,5,7,1,0.923,0,0,0,,P
2023,116,이우성,KIA,좌익수,59,39,363.6666666666667,1,0,75,0,0,0.987,0,0,0,,LF
2023,116,도태훈,NC,1루수,59,23,287.0,1,0,260,19,28,0.996,0,0,0,,1B
2023,119,최지민,KIA,투수,58,0,59.333333333333336,1,1,4,8,1,0.923,0,0,0,,P
2023,119,강한울,삼성,3루수,58,48,415.6666666666667,6,0,34,77,9,0.949,0,0,0,,3B
2023,119,오승환,삼성,투수,58,1,62.66666666666666,0,0,4,12,0,1.0,0,0,0,,P
2023,119,김재환,두산,좌익수,58,55,440.0,1,0,114,3,0,0.992,0,0,0,,LF
2023,119,김인환,한화,1루수,58,48,420.3333333333333,5,0,357,30,29,0.987,0,0,0,,1B
2023,124,하영민,키움,투수,57,0,52.333333333333336,3,0,1,11,1,0.8,0,0,0,,P
2023,124,박명근,LG,투수,57,1,51.333333333333336,0,0,2,4,0,1.0,0,0,0,,P
2023,124,함덕주,LG,투수,57,0,55.66666666666666,0,0,1,8,0,1.0,0,0,0,,P
2023,124,안치영,KT,우익수,57,31,300.0,2,0,53,2,0,0.965,0,0,0,,RF
2023,124,하준영,NC,투수,57,0,49.0,0,1,3,13,0,1.0,0,0,0,,P
2023,129,문성주,LG,우익수,56,43,386.6666666666667,2,0,97,4,0,0.981,0,0,0,,RF
2023,129,장현식,KIA,투수,56,0,51.333333333333336,0,0,0,8,1,1.0,0,0,0,,P
2023,129,도태훈,NC,3루수,56,36,347.6666666666667,3,0,26,62,7,0.967,0,0,0,,3B
2023,129,우규민,삼성,투수,56,0,43.0,0,1,1,8,0,1.0,0,0,0,,P
2023,133,조형우,SSG,포수,55,38,312.6666666666667,5,3,258,30,5,0.983,4,29,15,34.1,C
2023,133,김성진,키움,투수,55,0,47.0,1,0,1,5,0,0.857,0,0,0,,P
2023,133,변우혁,KIA,1루수,55,44,358.0,5,0,311,24,42,0.985,0,0,0,,1B
2023,133,황대인,KIA,1루수,55,50,389.3333333333333,3,0,355,33,34,0.992,0,0,0,,1B
2023,133,박상원,한화,투수,55,0,61.66666666666666,1,0,3,14,1,0.944,0,0,0,,P
2023,133,주현상,한화,투수,55,0,59.66666666666666,0,0,2,5,0,1.0,0,0,0,,P
2023,139,양현,키움,투수,54,0,57.0,0,1,3,11,2,1.0,0,0,0,,P
2023,139,소크라테스,KIA,우익수,54,22,261.0,3,0,63,1,0,0.955,0,0,0,,RF
2023,139,문현빈,한화,2루수,54,42,358.0,5,0,77,102,17,0.973,0,0,0,,2B
2023,142,최민준,SSG,투수,53,0,60.0,0,0,3,6,1,1.0,0,0,0,,P
2023,142,이학주,롯데,3루수,53,13,162.66666666666666,3,0,16,35,4,0.944,0,0,0,,3B
2023,142,이학주,롯데,유격수,53,16,178.33333333333334,5,0,30,56,11,0.945,0,0,0,,SS
2023,145,오윤석,KT,1루수,52,34,308.6666666666667,0,0,276,32,28,1.0,0,0,0,,1B
2023,145,정해영,KIA,투수,52,0,49.333333333333336,1,0,3,7,0,0.909,0,0,0,,P
2023,145,정우람,한화,투수,52,0,40.333333333333336,0,0,0,1,0,1.0,0,0,0,,P
2023,148,러셀,키움,유격수,51,49,407.6666666666667,3,0,68,113,24,0.984,0,0,0,,SS
2023,148,임창민,키움,투수,51,0,46.66666666666666,0,0,2,2,0,1.0,0,0,0,,P
2023,148,이재익,삼성,투수,51,0,41.0,1,0,3,5,0,0.889,0,0,0,,P
2024,1,박해민,LG,중견수,143,128,1127.0,1,0,283,2,0,0.997,0,0,0,,CF
2024,2,황재균,KT,3루수,135,127,1085.0,14,0,83,171,14,0.948,0,0,0,,3B
2024,2,박성한,SSG,유격수,135,128,1115.0,23,0,209,332,68,0.959,0,0,0,,SS
2024,4,김도영,KIA,3루수,134,132,1111.0,30,0,77,216,26,0.907,0,0,0,,3B
2024,5,정수빈,두산,중견수,133,131,1114.0,1,0,313,5,1,0.997,0,0,0,,CF
2024,6,김주원,NC,유격수,132,115,1023.6666666666666,18,0,195,287,61,0.964,0,0,0,,SS
2024,6,박찬호,KIA,유격수,132,129,1120.3333333333333,23,0,213,328,72,0.959,0,0,0,,SS
2024,8,양석환,두산,1루수,131,130,1118.0,10,0,944,84,78,0.99,0,0,0,,1B
2024,9,문보경,LG,3루수,129,120,975.0,10,0,89,186,21,0.965,0,0,0,,3B
2024,10,홍창기,LG,우익수,127,120,1037.0,10,0,257,7,3,0.964,0,0,0,,RF
2024,11,노시환,한화,3루수,126,125,1098.3333333333333,9,0,97,196,26,0.97,0,0,0,,3B
2024,12,박동원,LG,포수,124,109,944.6666666666666,4,3,809,77,10,0.996,6,87,29,25.0,C
2024,12,신민재,LG,2루수,124,113,984.0,11,0,257,299,77,0.981,0,0,0,,2B
2024,12,강승호,두산,2루수,124,118,988.0,12,0,234,286,56,0.977,0,0,0,,2B
2024,15,최주환,키움,1루수,122,116,1027.6666666666667,6,0,906,60,94,0.994,0,0,0,,1B
2024,16,최정,SSG,3루수,121,116,954.6666666666666,13,0,57,169,17,0.946,0,0,0,,3B
2024,17,강민호,삼성,포수,120,95,803.0,2,1,631,53,9,0.997,6,72,22,23.4,C
2024,18,최지훈,SSG,중견수,119,113,989.6666666666666,7,0,237,5,2,0.972,0,0,0,,CF
2024,18,김혜성,키움,2루수,119,118,1015.0,16,0,258,342,83,0.974,0,0,0,,2B
2024,20,에레디아,SSG,좌익수,117,115,975.0,3,0,211,8,2,0.986,0,0,0,,LF
2024,20,이지영,SSG,포수,117,105,914.6666666666666,7,1,919,61,9,0.993,2,87,26,23.0,C
2024,20,김지찬,삼성,중견수,117,103,859.0,3,0,259,0,0,0.989,0,0,0,,CF
2024,23,김형준,NC,포수,116,104,870.3333333333334,12,0,761,59,12,0.986,5,51,31,37.8,C
2024,24,권희동,NC,좌익수,115,101,834.6666666666666,2,0,216,11,2,0.991,0,0,0,,LF
2024,24,김선빈,KIA,2루수,115,112,884.0,10,0,206,284,66,0.98,0,0,0,,2B
2024,24,소크라테스,KIA,좌익수,115,86,755.3333333333334,2,0,168,4,1,0.989,0,0,0,,LF
2024,24,최재훈,한화,포수,115,95,791.6666666666666,5,3,746,60,6,0.994,5,58,23,28.4,C
2024,28,장성우,KT,포수,114,105,856.3333333333334,2,0,780,56,6,0.998,6,97,17,14.9,C
2024,29,배정대,KT,중견수,113,110,958.0,7,0,266,3,1,0.975,0,0,0,,CF
2024,29,나승엽,롯데,1루수,113,111,937.3333333333334,11,0,813,67,89,0.988,0,0,0,,1B
2024,31,이도윤,한화,유격수,112,89,784.0,13,0,138,198,55,0.963,0,0,0,,SS
2024,32,박승욱,롯데,유격수,111,97,833.0,22,0,140,252,63,0.947,0,0,0,,SS
2024,33,허경민,두산,3루수,110,108,883.0,5,0,77,143,13,0.978,0,0,0,,3B
2024,34,데이비슨,NC,1루수,109,109,890.3333333333334,11,0,733,70,66,0.986,0,0,0,,1B
2024,34,김재현,키움,포수,109,85,758.3333333333334,7,1,627,48,7,0.99,5,63,22,25.9,C
2024,36,오지환,LG,유격수,107,97,858.0,12,0,150,238,52,0.97,0,0,0,,SS
2024,36,이재현,삼성,유격수,107,99,862.3333333333334,11,0,186,212,43,0.973,0,0,0,,SS
2024,38,오스틴,LG,1루수,106,105,863.0,8,0,728,74,81,0.99,0,0,0,,1B
2024,38,서호철,NC,3루수,106,100,834.0,9,0,75,157,21,0.963,0,0,0,,3B
2024,40,고승민,롯데,2루수,104,98,840.0,13,0,206,275,68,0.974,0,0,0,,2B
2024,41,한준수,KIA,포수,103,60,600.0,4,1,541,39,6,0.993,6,47,11,19.0,C
2024,42,김성욱,NC,중견수,102,82,743.0,1,0,197,5,3,0.995,0,0,0,,CF
2024,43,한유섬,SSG,우익수,101,97,802.6666666666666,6,0,164,0,0,0.965,0,0,0,,RF
2024,43,김태군,KIA,포수,101,82,641.0,6,0,567,38,4,0.99,3,60,11,15.5,C
2024,45,구자욱,삼성,좌익수,100,98,802.0,1,0,188,4,1,0.995,0,0,0,,LF
2024,46,박민우,NC,2루수,98,95,779.3333333333334,6,0,186,210,39,0.985,0,0,0,,2B
2024,47,송성문,키움,3루수,97,86,773.0,7,0,66,135,19,0.966,0,0,0,,3B
2024,48,최원준,KIA,우익수,96,29,399.0,0,0,69,3,0,1.0,0,0,0,,RF
2024,49,최원준,KIA,중견수,93,82,624.0,4,0,163,2,1,0.976,0,0,0,,CF
2024,50,고명준,SSG,1루수,92,87,667.0,5,0,584,42,53,0.992,0,0,0,,1B
2024,51,이병헌,삼성,포수,90,44,421.6666666666667,3,0,341,21,3,0.992,1,33,9,21.4,C
2024,52,오태곤,SSG,1루수,89,42,478.6666666666667,2,0,427,34,46,0.996,0,0,0,,1B
2024,52,정보근,롯데,포수,89,42,379.3333333333333,4,2,335,34,7,0.989,2,36,11,23.4,C
2024,54,문상철,KT,1루수,88,78,638.6666666666666,6,0,563,50,52,0.99,0,0,0,,1B
2024,54,윤동희,롯데,중견수,88,81,696.6666666666666,4,0,204,2,0,0.981,0,0,0,,CF
2024,56,이우성,KIA,1루수,87,79,670.3333333333334,6,0,609,36,61,0.991,0,0,0,,1B
2024,56,김영웅,삼성,3루수,87,76,639.3333333333334,10,0,62,115,6,0.947,0,0,0,,3B
2024,58,로하스,KT,좌익수,86,58,540.0,0,0,149,2,0,1.0,0,0,0,,LF
2024,58,손성빈,롯데,포수,86,52,445.6666666666667,4,1,414,25,5,0.991,0,17,3,15.0,C
2024,60,김현수,LG,좌익수,84,80,606.0,0,0,115,4,1,1.0,0,0,0,,LF
2024,60,김기연,두산,포수,84,61,579.0,2,0,474,25,4,0.996,6,42,7,14.3,C
2024,62,레이예스,롯데,우익수,83,81,664.6666666666666,4,0,126,0,0,0.969,0,0,0,,RF
2024,63,김민혁,KT,좌익수,82,70,553.0,2,0,128,1,0,0.985,0,0,0,,LF
2024,63,황영묵,한화,2루수,82,54,518.0,8,0,143,174,43,0.975,0,0,0,,2B
2024,65,로하스,KT,우익수,80,75,575.0,2,0,119,3,0,0.984,0,0,0,,RF
2024,65,손호영,롯데,3루수,80,73,640.6666666666666,13,0,58,116,12,0.93,0,0,0,,3B
2024,67,라모스,두산,우익수,79,79,654.6666666666666,4,0,123,4,0,0.969,0,0,0,,RF
2024,68,김상수,KT,유격수,78,71,581.6666666666666,10,0,120,151,31,0.964,0,0,0,,SS
2024,69,노경은,SSG,투수,77,0,83.66666666666667,1,0,2,7,0,0.9,0,0,0,,P
2024,69,이병헌,두산,투수,77,0,65.33333333333333,1,0,2,13,0,0.938,0,0,0,,P
2024,71,조병현,SSG,투수,76,0,73.0,2,0,6,2,0,0.8,0,0,0,,P
2024,71,양의지,두산,포수,76,74,608.3333333333334,4,0,551,24,4,0.993,8,51,8,13.6,C
2024,73,김민수,KT,투수,75,0,81.33333333333333,2,0,6,15,1,0.913,0,0,0,,P
2024,73,장현식,KIA,투수,75,0,75.33333333333333,0,1,5,17,1,1.0,0,0,0,,P
2024,73,채은성,한화,1루수,75,73,601.3333333333334,7,0,548,23,61,0.988,0,0,0,,1B
2024,76,김태혁,롯데,투수,74,0,73.66666666666667,1,0,1,13,0,0.933,0,0,0,,P
2024,76,류지혁,삼성,2루수,74,62,461.0,5,0,104,114,22,0.978,0,0,0,,2B
2024,78,안주형,삼성,2루수,73,34,360.3333333333333,3,0,76,111,22,0.984,0,0,0,,2B
2024,78,장진혁,한화,중견수,73,66,562.3333333333334,1,0,142,1,0,0.993,0,0,0,,CF
2024,80,김진성,LG,투수,71,0,70.66666666666667,1,0,4,5,1,0.9,0,0,0,,P
2024,80,김민,KT,투수,71,1,77.33333333333333,0,0,4,9,0,1.0,0,0,0,,P
2024,80,박세혁,NC,포수,71,36,357.3333333333333,3,0,290,18,2,0.99,3,33,5,13.2,C
2024,80,곽도규,KIA,투수,71,0,55.66666666666666,3,0,3,7,0,0.769,0,0,0,,P
2024,80,이재원,한화,포수,71,40,354.0,1,0,304,27,3,0.997,6,31,12,27.9,C
2024,85,조수행,두산,좌익수,70,52,491.3333333333333,1,0,143,2,0,0.993,0,0,0,,LF
2024,85,한승혁,한화,투수,70,0,62.66666666666666,1,0,5,8,0,0.929,0,0,0,,P
2024,87,한두솔,SSG,투수,69,0,59.333333333333336,1,0,2,5,0,0.875,0,0,0,,P
2024,87,김재열,NC,투수,69,0,68.66666666666667,2,0,3,5,0,0.8,0,0,0,,P
2024,87,김태연,한화,우익수,69,68,526.0,2,0,81,4,0,0.977,0,0,0,,RF
2024,90,김휘집,NC,유격수,68,62,501.0,9,0,80,146,32,0.962,0,0,0,,SS
2024,90,박건우,NC,우익수,68,67,522.0,1,0,104,3,0,0.991,0,0,0,,RF
2024,92,오재일,KT,1루수,67,54,491.0,3,0,416,27,35,0.993,0,0,0,,1B
2024,92,나성범,KIA,우익수,67,67,505.0,1,0,91,5,1,0.99,0,0,0,,RF
2024,94,박영현,KT,투수,66,0,76.66666666666667,1,0,4,5,0,0.9,0,0,0,,P
2024,94,전상현,KIA,투수,66,0,66.0,1,0,2,7,0,0.9,0,0,0,,P
2024,94,구승민,롯데,투수,66,0,57.66666666666666,0,0,1,7,0,1.0,0,0,0,,P
2024,94,김건희,키움,포수,66,49,431.6666666666667,4,0,267,24,0,0.986,3,42,9,17.6,C
2024,98,임정호,NC,투수,65,0,55.0,0,1,1,11,1,1.0,0,0,0,,P
2024,98,홍건희,두산,투수,65,0,59.333333333333336,1,1,1,12,1,0.929,0,0,0,,P
2024,98,홍종표,KIA,2루수,65,4,167.0,2,0,36,61,17,0.98,0,0,0,,2B
2024,98,황성빈,롯데,중견수,65,57,453.6666666666667,2,0,87,3,1,0.978,0,0,0,,CF
2024,98,김재윤,삼성,투수,65,0,66.0,0,0,1,10,0,1.0,0,0,0,,P
2024,98,김헌곤,삼성,좌익수,65,27,305.0,0,0,76,0,0,1.0,0,0,0,,LF
2024,98,박상원,한화,투수,65,0,66.66666666666667,1,1,2,3,0,0.833,0,0,0,,P
2024,98,주현상,한화,투수,65,0,71.33333333333333,0,0,2,10,1,1.0,0,0,0,,P
2024,98,고영우,키움,3루수,65,52,442.6666666666667,10,0,37,81,8,0.922,0,0,0,,3B
2024,107,오윤석,KT,2루수,64,47,422.0,2,0,76,140,26,0.991,0,0,0,,2B
2024,107,전민재,두산,유격수,64,43,395.0,4,0,74,102,20,0.978,0,0,0,,SS
2024,107,이민우,한화,투수,64,0,55.0,0,0,7,6,1,1.0,0,0,0,,P
2024,110,박병호,삼성,1루수,63,52,476.0,4,0,412,43,37,0.991,0,0,0,,1B
2024,110,도슨,키움,좌익수,63,57,495.0,2,0,132,0,0,0.985,0,0,0,,LF
2024,112,문성주,LG,좌익수,62,51,445.0,0,0,114,4,2,1.0,0,0,0,,LF
2024,112,유영찬,LG,투수,62,0,63.66666666666666,0,0,4,4,0,1.0,0,0,0,,P
2024,112,문승원,SSG,투수,62,0,60.0,0,0,2,9,1,1.0,0,0,0,,P
2024,112,이로운,SSG,투수,62,0,56.0,0,0,1,3,0,1.0,0,0,0,,P
2024,112,최인호,한화,좌익수,62,46,401.6666666666667,2,0,96,3,0,0.98,0,0,0,,LF
2024,117,김휘집,NC,3루수,61,48,434.6666666666667,7,0,37,84,9,0.945,0,0,0,,3B
2024,117,김호령,KIA,중견수,61,9,177.0,2,0,62,0,0,0.969,0,0,0,,CF
2024,117,윤동희,롯데,우익수,61,52,455.0,0,0,106,2,1,1.0,0,0,0,,RF
2024,120,김택연,두산,투수,60,0,65.0,0,0,1,6,0,1.0,0,0,0,,P
2024,120,이승현,삼성,투수,60,0,60.333333333333336,0,0,3,3,0,1.0,0,0,0,,P
2024,120,임창민,삼성,투수,60,0,54.333333333333336,1,0,1,4,0,0.833,0,0,0,,P
2024,123,이영하,두산,투수,59,1,65.33333333333333,2,0,4,6,0,0.833,0,0,0,,P
2024,124,허도환,LG,포수,58,27,250.0,2,1,219,8,1,0.991,2,33,0,0.0,C
2024,124,오승환,삼성,투수,58,0,55.0,0,0,1,5,0,1.0,0,0,0,,P
2024,124,김규연,한화,투수,58,1,59.0,0,0,1,12,0,1.0,0,0,0,,P
2024,124,이주형,키움,우익수,58,50,431.3333333333333,2,0,108,3,0,0.982,0,0,0,,RF
2024,128,구본혁,LG,3루수,57,21,247.0,3,0,21,55,8,0.962,0,0,0,,3B
2024,128,정준재,SSG,2루수,57,47,384.6666666666667,3,0,82,139,26,0.987,0,0,0,,2B
2024,128,도태훈,NC,1루수,57,17,215.66666666666663,1,0,172,20,15,0.995,0,0,0,,1B
2024,128,이용찬,NC,투수,57,0,54.333333333333336,1,2,2,11,1,0.929,0,0,0,,P
2024,128,박준영,두산,유격수,57,50,434.6666666666667,4,0,83,135,34,0.982,0,0,0,,SS
2024,128,한현희,롯데,투수,57,5,76.33333333333333,0,2,0,8,0,1.0,0,0,0,,P
2024,128,황성빈,롯데,좌익수,57,27,291.6666666666667,2,0,58,2,0,0.968,0,0,0,,LF
2024,128,김태진,키움,유격수,57,33,346.0,3,0,64,104,21,0.982,0,0,0,,SS
2024,136,이준영,KIA,투수,56,0,35.0,0,0,2,3,1,1.0,0,0,0,,P
2024,136,이창진,KIA,좌익수,56,33,309.3333333333333,0,0,85,0,0,1.0,0,0,0,,LF
2024,136,최지민,KIA,투수,56,0,46.0,1,0,2,4,1,0.857,0,0,0,,P
2024,136,김원중,롯데,투수,56,0,63.333333333333336,1,0,3,6,0,0.9,0,0,0,,P
2024,136,김태훈,삼성,투수,56,0,52.333333333333336,1,1,5,7,1,0.923,0,0,0,,P
2024,136,박수종,키움,중견수,56,23,253.33333333333331,4,0,84,0,0,0.955,0,0,0,,CF
2024,142,천성호,KT,2루수,55,49,403.3333333333333,4,0,73,116,27,0.979,0,0,0,,2B
2024,142,최지강,두산,투수,55,0,50.0,1,2,2,9,0,0.917,0,0,0,,P
2024,142,주승우,키움,투수,55,0,51.333333333333336,0,0,3,10,0,1.0,0,0,0,,P
2024,145,구본혁,LG,유격수,54,43,368.0,5,0,59,97,20,0.969,0,0,0,,SS
2024,145,박지환,SSG,2루수,54,46,406.6666666666667,7,0,113,129,40,0.972,0,0,0,,2B
2024,145,진해수,롯데,투수,54,0,27.666666666666668,0,0,4,7,0,1.0,0,0,0,,P
2024,145,페라자,한화,좌익수,54,42,349.3333333333333,2,0,75,3,0,0.975,0,0,0,,LF
2024,149,김유영,LG,투수,53,2,47.66666666666666,3,0,0,6,1,0.667,0,0,0,,P
2024,149,심우준,KT,유격수,53,49,431.6666666666667,8,0,93,126,28,0.965,0,0,0,,SS
2025,1,박해민,LG,중견수,144,136,1179.0,1,0,310,6,2,0.997,0,0,0,,CF
2025,2,노시환,한화,3루수,143,143,1262.3333333333333,17,0,99,218,17,0.949,0,0,0,,3B
2025,3,김주원,NC,유격수,140,139,1166.0,29,0,246,336,79,0.953,0,0,0,,SS
2025,4,이재현,삼성,유격수,136,132,1117.0,23,0,217,333,73,0.96,0,0,0,,SS
2025,4,최지훈,SSG,중견수,136,128,1136.0,5,0,249,3,1,0.981,0,0,0,,CF
2025,6,박찬호,KIA,유격수,134,131,1114.3333333333333,16,0,229,356,84,0.973,0,0,0,,SS
2025,7,케이브,두산,우익수,132,131,1127.3333333333333,2,0,228,6,0,0.992,0,0,0,,RF
2025,8,정수빈,두산,중견수,131,128,1077.3333333333333,3,0,262,4,2,0.989,0,0,0,,CF
2025,9,박동원,LG,포수,130,102,938.3333333333334,8,2,784,78,11,0.991,2,67,18,21.2,C
2025,9,신민재,LG,2루수,130,113,992.6666666666666,12,0,245,320,87,0.979,0,0,0,,2B
2025,9,김휘집,NC,3루수,130,119,1005.0,19,0,106,193,20,0.94,0,0,0,,3B
2025,12,디아즈,삼성,1루수,128,126,1085.3333333333333,4,0,1013,87,89,0.996,0,0,0,,1B
2025,13,박성한,SSG,유격수,127,124,1065.3333333333333,20,0,222,340,90,0.966,0,0,0,,SS
2025,14,강민호,삼성,포수,123,104,876.6666666666666,2,0,740,40,3,0.997,8,72,11,13.3,C
2025,14,오지환,LG,유격수,123,107,939.3333333333334,9,0,148,295,67,0.98,0,0,0,,SS
2025,14,고명준,SSG,1루수,123,120,986.0,3,0,850,81,91,0.997,0,0,0,,1B
2025,14,정준재,SSG,2루수,123,102,932.6666666666666,9,0,214,297,78,0.983,0,0,0,,2B
2025,14,김형준,NC,포수,123,107,906.0,4,1,782,78,8,0.995,6,47,26,35.6,C
2025,19,최재훈,한화,포수,121,107,813.0,5,1,856,68,8,0.995,8,58,18,23.7,C
2025,20,권동진,KT,유격수,119,81,740.3333333333334,15,0,150,236,40,0.963,0,0,0,,SS
2025,20,이주형,키움,중견수,119,110,967.0,1,0,328,2,0,0.997,0,0,0,,CF
2025,22,김영웅,삼성,3루수,118,114,964.3333333333334,11,0,81,207,23,0.963,0,0,0,,3B
2025,23,류지혁,삼성,2루수,113,100,811.3333333333334,4,0,184,254,58,0.991,0,0,0,,2B
2025,23,허경민,KT,3루수,113,110,936.3333333333334,10,0,75,161,10,0.959,0,0,0,,3B
2025,23,채은성,한화,1루수,113,112,929.6666666666666,6,0,816,31,59,0.993,0,0,0,,1B
2025,26,장성우,KT,포수,112,98,836.6666666666666,5,0,708,43,5,0.993,4,104,11,9.6,C
2025,27,송성문,키움,3루수,111,108,935.3333333333334,13,0,103,202,29,0.959,0,0,0,,3B
2025,28,어준서,키움,유격수,109,95,763.0,26,0,139,196,43,0.928,0,0,0,,SS
2025,29,황영묵,한화,2루수,107,61,627.6666666666666,6,0,118,187,35,0.981,0,0,0,,2B
2025,30,문현빈,한화,좌익수,105,104,876.3333333333334,3,0,137,8,0,0.98,0,0,0,,LF
2025,31,김호령,KIA,중견수,104,94,852.6666666666666,6,0,218,7,1,0.974,0,0,0,,CF
2025,31,김건희,키움,포수,104,85,731.0,5,2,532,64,7,0.992,11,54,28,34.1,C
2025,33,권희동,NC,좌익수,103,82,669.3333333333334,1,0,135,7,0,0.993,0,0,0,,LF
2025,34,조형우,SSG,포수,102,80,696.3333333333334,4,5,659,60,7,0.994,3,56,22,28.2,C
2025,35,박민우,NC,2루수,100,96,766.3333333333334,10,0,205,259,58,0.979,0,0,0,,2B
2025,36,구자욱,삼성,좌익수,99,95,791.3333333333334,3,0,162,1,0,0.982,0,0,0,,LF
2025,36,김상수,KT,2루수,99,90,742.3333333333334,6,0,167,268,45,0.986,0,0,0,,2B
2025,38,레이예스,롯데,좌익수,98,88,752.6666666666666,1,0,146,3,1,0.993,0,0,0,,LF
2025,38,유강남,롯데,포수,98,92,641.3333333333334,2,0,588,47,3,0.997,5,66,6,8.3,C
2025,38,이재원,한화,포수,98,35,409.6666666666667,6,0,406,33,4,0.987,2,35,8,18.6,C
2025,41,최주환,키움,1루수,97,95,819.3333333333334,6,0,698,47,67,0.992,0,0,0,,1B
2025,42,오스틴,LG,1루수,96,94,793.0,8,0,723,61,66,0.99,0,0,0,,1B
2025,43,김태군,KIA,포수,95,79,656.3333333333334,7,2,554,70,7,0.989,3,62,21,25.3,C
2025,43,문보경,LG,3루수,95,91,753.6666666666666,14,0,48,153,13,0.935,0,0,0,,3B
2025,45,양의지,두산,포수,94,92,726.0,5,2,636,49,5,0.993,6,49,17,25.8,C
2025,45,나승엽,롯데,1루수,94,91,738.3333333333334,8,0,667,44,54,0.989,0,0,0,,1B
2025,45,이진영,한화,우익수,94,81,642.3333333333334,2,0,127,3,0,0.985,0,0,0,,RF
2025,48,한준수,KIA,포수,93,57,525.3333333333334,3,0,452,36,5,0.994,5,44,12,21.4,C
2025,48,안현민,KT,우익수,93,84,699.6666666666666,7,0,149,14,1,0.959,0,0,0,,RF
2025,48,전민재,롯데,유격수,93,87,726.6666666666666,15,0,116,209,50,0.956,0,0,0,,SS
2025,48,정보근,롯데,포수,93,34,397.0,2,0,374,21,1,0.995,6,28,5,15.2,C
2025,52,배정대,KT,중견수,92,64,617.3333333333334,1,0,156,2,1,0.994,0,0,0,,CF
2025,53,심우준,한화,유격수,91,81,685.0,7,0,140,201,40,0.98,0,0,0,,SS
2025,54,김민혁,KT,좌익수,90,83,662.6666666666666,1,0,127,1,0,0.992,0,0,0,,LF
2025,55,위즈덤,KIA,1루수,88,60,552.0,4,0,536,28,48,0.993,0,0,0,,1B
2025,55,김기연,두산,포수,88,48,492.3333333333333,4,1,402,22,4,0.991,4,47,11,19.0,C
2025,57,데이비슨,NC,1루수,87,87,660.3333333333334,2,0,572,46,53,0.997,0,0,0,,1B
2025,58,에레디아,SSG,좌익수,86,86,740.6666666666666,2,0,194,6,0,0.99,0,0,0,,LF
2025,59,윤동희,롯데,우익수,85,73,646.6666666666666,3,0,130,2,0,0.978,0,0,0,,RF
2025,60,장두성,롯데,중견수,82,46,467.3333333333333,2,0,135,2,0,0.986,0,0,0,,CF
2025,60,정현수,롯데,투수,82,0,47.66666666666666,0,0,3,4,0,1.0,0,0,0,,P
2025,62,한유섬,SSG,우익수,81,79,642.0,2,0,122,3,1,0.984,0,0,0,,RF
2025,63,문성주,LG,우익수,80,76,644.3333333333334,1,0,144,4,0,0.993,0,0,0,,RF
2025,63,최원준,NC,중견수,80,71,611.6666666666666,1,0,158,6,1,0.994,0,0,0,,CF
2025,65,김규성,KIA,2루수,79,25,301.6666666666667,4,0,65,97,21,0.976,0,0,0,,2B
2025,65,황재균,KT,1루수,79,65,561.6666666666666,3,0,541,50,38,0.995,0,0,0,,1B
2025,67,김진성,LG,투수,78,0,70.66666666666667,0,2,2,9,0,1.0,0,0,0,,P
2025,68,오선우,KIA,1루수,77,59,505.3333333333333,10,0,482,33,43,0.981,0,0,0,,1B
2025,68,김지찬,삼성,중견수,77,69,565.0,1,0,157,1,1,0.994,0,0,0,,CF
2025,68,노경은,SSG,투수,77,0,80.0,0,0,3,8,0,1.0,0,0,0,,P
2025,71,김현수,LG,좌익수,76,74,560.6666666666666,2,0,115,3,0,0.983,0,0,0,,LF
2025,71,김진호,NC,투수,76,0,72.33333333333333,0,2,4,8,0,1.0,0,0,0,,P
2025,73,이로운,SSG,투수,75,0,77.0,0,1,2,13,0,1.0,0,0,0,,P
2025,73,정철원,롯데,투수,75,0,70.0,0,0,0,9,1,1.0,0,0,0,,P
2025,73,이우성,NC,좌익수,75,66,470.3333333333333,2,0,120,3,1,0.984,0,0,0,,LF
2025,76,전상현,KIA,투수,74,0,70.0,2,0,2,8,0,0.833,0,0,0,,P
2025,76,손호영,롯데,3루수,74,71,614.6666666666666,16,0,55,117,14,0.915,0,0,0,,3B
2025,76,박상원,한화,투수,74,0,66.66666666666667,1,0,7,9,1,0.941,0,0,0,,P
2025,76,전사민,NC,투수,74,0,82.33333333333333,1,0,3,16,1,0.95,0,0,0,,P
2025,80,김성윤,삼성,우익수,73,64,535.0,1,0,97,3,0,0.99,0,0,0,,RF
2025,80,김태훈,삼성,투수,73,0,66.33333333333333,2,0,1,8,1,0.818,0,0,0,,P
2025,80,박치국,두산,투수,73,0,62.333333333333336,1,0,3,10,1,0.929,0,0,0,,P
2025,80,이영하,두산,투수,73,0,66.66666666666667,2,3,3,17,0,0.909,0,0,0,,P
2025,80,김범수,한화,투수,73,0,48.0,1,0,4,6,2,0.909,0,0,0,,P
2025,85,김선빈,KIA,2루수,72,68,503.6666666666667,9,0,96,126,33,0.961,0,0,0,,2B
2025,85,조상우,KIA,투수,72,0,60.0,2,2,3,6,0,0.818,0,0,0,,P
2025,85,이지영,SSG,포수,72,55,482.6666666666667,3,1,454,32,5,0.994,1,45,10,18.2,C
2025,88,나성범,KIA,우익수,71,69,541.6666666666666,0,0,99,9,2,1.0,0,0,0,,RF
2025,88,한태양,롯데,2루수,71,56,500.3333333333333,6,0,127,143,30,0.978,0,0,0,,2B
2025,88,한승혁,한화,투수,71,0,64.0,0,2,1,10,1,1.0,0,0,0,,P
2025,91,김민,SSG,투수,70,0,63.66666666666666,0,0,1,8,1,1.0,0,0,0,,P
2025,91,배재환,NC,투수,70,0,60.333333333333336,0,0,5,7,0,1.0,0,0,0,,P
2025,93,이주헌,LG,포수,69,42,332.0,4,0,295,16,2,0.987,5,28,3,9.7,C
2025,93,양석환,두산,1루수,69,68,579.6666666666666,4,0,525,45,44,0.993,0,0,0,,1B
2025,93,오명진,두산,2루수,69,55,488.0,7,0,127,161,38,0.976,0,0,0,,2B
2025,93,조병현,SSG,투수,69,0,67.33333333333333,0,0,0,6,1,1.0,0,0,0,,P
2025,93,김서현,한화,투수,69,0,66.0,0,0,0,9,0,1.0,0,0,0,,P
2025,93,박건우,NC,우익수,69,64,458.0,1,0,83,5,1,0.989,0,0,0,,RF
2025,99,구본혁,LG,3루수,68,33,328.6666666666667,2,0,21,72,9,0.979,0,0,0,,3B
2025,99,조동욱,한화,투수,68,2,60.0,0,0,0,10,2,1.0,0,0,0,,P
2025,101,이유찬,두산,유격수,67,60,541.0,8,0,90,161,35,0.969,0,0,0,,SS
2025,101,박영현,KT,투수,67,0,69.0,1,0,3,2,0,0.833,0,0,0,,P
2025,101,김강현,롯데,투수,67,0,72.0,0,1,1,6,0,1.0,0,0,0,,P
2025,104,최지민,KIA,투수,66,0,53.333333333333336,0,0,0,6,0,1.0,0,0,0,,P
2025,104,김영우,LG,투수,66,0,60.0,0,0,4,11,2,1.0,0,0,0,,P
2025,104,황성빈,롯데,중견수,66,61,482.3333333333333,3,0,102,3,1,0.972,0,0,0,,CF
2025,104,최원준,NC,우익수,66,29,324.6666666666667,2,0,62,4,0,0.971,0,0,0,,RF
2025,108,배찬승,삼성,투수,65,0,50.66666666666666,0,0,3,7,0,1.0,0,0,0,,P
2025,108,조수행,두산,좌익수,65,11,203.33333333333331,0,0,54,1,0,1.0,0,0,0,,LF
2025,110,김택연,두산,투수,64,0,66.33333333333333,2,0,0,3,0,0.6,0,0,0,,P
2025,110,이도윤,한화,2루수,64,45,380.6666666666667,2,0,73,120,21,0.99,0,0,0,,2B
2025,110,김태진,키움,2루수,64,48,430.6666666666667,3,0,93,138,29,0.987,0,0,0,,2B
2025,113,김재윤,삼성,투수,63,0,57.66666666666666,0,0,3,9,0,1.0,0,0,0,,P
2025,113,양도근,삼성,2루수,63,26,285.0,2,0,80,86,22,0.988,0,0,0,,2B
2025,113,이호준,롯데,유격수,63,32,340.3333333333333,9,0,47,105,18,0.944,0,0,0,,SS
2025,113,김종수,한화,투수,63,0,63.66666666666666,0,0,4,5,1,1.0,0,0,0,,P
2025,113,플로리얼,한화,중견수,63,62,537.3333333333334,5,0,133,4,0,0.965,0,0,0,,CF
2025,118,이승민,삼성,투수,62,1,64.33333333333333,0,0,5,10,1,1.0,0,0,0,,P
2025,118,장준원,KT,유격수,62,47,355.0,3,0,72,114,26,0.984,0,0,0,,SS
2025,118,조대현,KT,포수,62,24,246.66666666666663,7,0,196,10,1,0.967,2,15,2,11.8,C
2025,118,류진욱,NC,투수,62,0,66.0,1,0,4,13,3,0.944,0,0,0,,P
2025,118,김재현,키움,포수,62,41,353.0,4,0,277,28,6,0.987,1,31,12,27.9,C
2025,123,문상철,KT,1루수,61,45,382.0,0,0,351,30,31,1.0,0,0,0,,1B
2025,123,이원석,한화,우익수,61,24,279.3333333333333,0,0,50,4,1,1.0,0,0,0,,RF
2025,123,하주석,한화,유격수,61,48,407.6666666666667,1,0,59,103,21,0.994,0,0,0,,SS
2025,123,원종현,키움,투수,61,0,54.333333333333336,1,0,4,7,0,0.917,0,0,0,,P
2025,127,정해영,KIA,투수,60,0,61.66666666666666,1,0,3,6,0,0.9,0,0,0,,P
2025,127,김성윤,삼성,중견수,60,47,432.3333333333333,1,0,116,3,3,0.992,0,0,0,,CF
2025,127,최원영,LG,좌익수,60,8,169.33333333333334,1,0,41,0,0,0.976,0,0,0,,LF
2025,127,강승호,두산,1루수,60,33,331.0,3,0,293,25,30,0.991,0,0,0,,1B
2025,127,고승민,롯데,2루수,60,58,449.3333333333333,4,0,93,165,34,0.985,0,0,0,,2B
2025,127,천재환,NC,중견수,60,39,314.6666666666667,0,0,87,1,0,1.0,0,0,0,,CF
2025,133,위즈덤,KIA,3루수,58,54,406.0,9,0,33,79,5,0.926,0,0,0,,3B
2025,133,이호성,삼성,투수,58,0,55.333333333333336,1,0,3,6,1,0.9,0,0,0,,P
2025,133,김민수,KT,투수,58,0,52.66666666666666,0,0,1,4,0,1.0,0,0,0,,P
2025,133,손동현,KT,투수,58,0,58.66666666666666,2,1,6,7,0,0.867,0,0,0,,P
2025,133,오태곤,SSG,1루수,58,10,178.33333333333334,0,0,154,10,23,1.0,0,0,0,,1B
2025,133,김민성,롯데,3루수,58,43,358.3333333333333,5,0,17,75,5,0.948,0,0,0,,3B
2025,133,리베라토,한화,중견수,58,58,479.0,3,0,125,7,1,0.978,0,0,0,,CF
2025,140,이준영,KIA,투수,57,0,34.0,1,0,0,2,0,0.667,0,0,0,,P
2025,140,구본혁,LG,유격수,57,36,315.0,3,0,57,97,22,0.981,0,0,0,,SS
2025,142,오선우,KIA,좌익수,56,37,333.0,0,0,90,2,1,1.0,0,0,0,,LF
2025,142,장현식,LG,투수,56,0,49.66666666666666,1,0,2,3,0,0.833,0,0,0,,P
2025,142,김태연,한화,1루수,56,26,294.0,3,0,249,27,21,0.989,0,0,0,,1B
2025,145,이병헌,삼성,포수,55,13,184.0,2,0,154,9,1,0.988,2,16,1,5.9,C
2025,145,서호철,NC,1루수,55,27,272.0,1,0,241,7,26,0.996,0,0,0,,1B
2025,147,박신지,두산,투수,54,0,60.0,0,0,2,7,0,1.0,0,0,0,,P
2025,147,박준순,두산,3루수,54,50,445.3333333333333,19,0,30,95,12,0.868,0,0,0,,3B
2025,147,박윤성,키움,투수,54,0,51.66666666666666,0,0,5,7,1,1.0,0,0,0,,P
2025,150,로하스,KT,우익수,53,49,385.0,3,0,76,3,1,0.963,0,0,0,,RF
2026,1,이강민,KT,유격수,22,22,175.0,4,0,41,45,17,0.956,0,0,0,,SS
2026,1,힐리어드,KT,좌익수,22,20,177.0,0,0,40,1,0,1.0,0,0,0,,LF
2026,1,정수빈,두산,중견수,22,21,181.0,0,0,41,1,0,1.0,0,0,0,,CF
2026,4,문성주,LG,좌익수,21,19,161.33333333333334,1,0,45,1,0,0.979,0,0,0,,LF
2026,4,박해민,LG,중견수,21,21,179.0,0,0,61,2,1,1.0,0,0,0,,CF
2026,4,신민재,LG,2루수,21,18,170.0,1,0,31,64,12,0.99,0,0,0,,2B
2026,4,채은성,한화,1루수,21,21,176.33333333333334,4,0,148,8,20,0.975,0,0,0,,1B
2026,4,페라자,한화,우익수,21,21,174.0,2,0,36,2,0,0.95,0,0,0,,RF
2026,4,박성한,SSG,유격수,21,21,176.33333333333334,3,0,29,54,12,0.965,0,0,0,,SS
2026,4,에레디아,SSG,좌익수,21,21,176.0,1,0,39,0,0,0.975,0,0,0,,LF
2026,4,최정,SSG,3루수,21,21,172.33333333333334,2,0,9,38,7,0.959,0,0,0,,3B
2026,4,최지훈,SSG,중견수,21,20,178.33333333333334,1,0,62,1,0,0.984,0,0,0,,CF
2026,4,김지찬,삼성,중견수,21,20,171.33333333333334,0,0,53,1,0,1.0,0,0,0,,CF
2026,4,디아즈,삼성,1루수,21,21,185.0,1,0,174,22,18,0.995,0,0,0,,1B
2026,4,류지혁,삼성,2루수,21,21,178.0,3,0,38,62,13,0.971,0,0,0,,2B
2026,4,김주원,NC,유격수,21,21,176.0,2,0,33,61,11,0.979,0,0,0,,SS
2026,4,김도영,KIA,3루수,21,20,173.66666666666666,0,0,15,41,6,1.0,0,0,0,,3B
2026,4,김호령,KIA,중견수,21,21,184.0,0,0,59,2,0,1.0,0,0,0,,CF
2026,4,박찬호,두산,유격수,21,21,183.0,2,0,35,57,15,0.979,0,0,0,,SS
2026,4,김건희,키움,포수,21,18,159.0,3,0,133,11,2,0.98,0,10,3,23.1,C
2026,21,박동원,LG,포수,20,18,152.0,1,1,130,8,0,0.993,0,15,5,25.0,C
2026,21,오스틴,LG,1루수,20,20,171.0,1,0,142,10,14,0.993,0,0,0,,1B
2026,21,오지환,LG,유격수,20,19,162.0,4,0,31,51,11,0.953,0,0,0,,SS
2026,21,문현빈,한화,좌익수,20,20,171.0,0,0,31,1,0,1.0,0,0,0,,LF
2026,21,김형준,NC,포수,20,18,142.33333333333334,0,1,117,9,0,1.0,1,10,3,23.1,C
2026,21,노진혁,롯데,1루수,20,19,153.33333333333334,1,0,120,16,7,0.993,0,0,0,,1B
2026,21,카스트로,KIA,좌익수,20,20,155.33333333333334,0,0,45,1,0,1.0,0,0,0,,LF
2026,28,하주석,한화,2루수,19,17,139.0,3,0,36,35,12,0.959,0,0,0,,2B
2026,28,정준재,SSG,2루수,19,14,125.66666666666669,1,0,35,47,12,0.988,0,0,0,,2B
2026,28,강민호,삼성,포수,19,17,137.0,0,0,105,7,2,1.0,3,12,2,14.3,C
2026,28,박민우,NC,2루수,19,19,147.0,1,0,37,43,9,0.988,0,0,0,,2B
2026,28,최정원,NC,중견수,19,18,150.0,0,0,37,1,0,1.0,0,0,0,,CF
2026,28,김상수,KT,2루수,19,17,158.0,3,0,39,64,17,0.972,0,0,0,,2B
2026,28,손성빈,롯데,포수,19,12,107.0,1,1,103,6,3,0.991,0,3,1,25.0,C
2026,28,전민재,롯데,유격수,19,19,144.33333333333334,2,0,34,44,9,0.975,0,0,0,,SS
2026,28,한태양,롯데,2루수,19,19,153.66666666666666,1,0,35,46,7,0.988,0,0,0,,2B
2026,28,데일,KIA,유격수,19,18,153.33333333333334,7,0,26,33,4,0.894,0,0,0,,SS
2026,28,한준수,KIA,포수,19,16,146.33333333333334,1,0,113,4,1,0.992,1,15,2,11.8,C
2026,28,이주형,키움,중견수,19,19,157.66666666666666,2,0,48,0,0,0.96,0,0,0,,CF
2026,40,천성호,LG,3루수,18,15,112.0,3,0,11,13,1,0.889,0,0,0,,3B
2026,40,심우준,한화,유격수,18,18,147.0,4,0,34,42,12,0.95,0,0,0,,SS
2026,40,이재현,삼성,유격수,18,17,131.0,3,0,26,43,11,0.958,0,0,0,,SS
2026,40,이우성,NC,좌익수,18,18,126.33333333333331,0,0,27,0,0,1.0,0,0,0,,LF
2026,40,김민석,두산,좌익수,18,16,139.0,2,0,35,0,0,0.946,0,0,0,,LF
2026,40,박준순,두산,2루수,18,17,139.66666666666666,3,0,39,42,11,0.964,0,0,0,,2B
2026,40,브룩스,키움,1루수,18,16,141.0,0,0,123,10,11,1.0,0,0,0,,1B
2026,47,홍창기,LG,우익수,17,16,133.0,0,0,25,1,0,1.0,0,0,0,,RF
2026,47,고명준,SSG,1루수,17,17,132.0,1,0,123,6,15,0.992,0,0,0,,1B
2026,47,김성욱,SSG,우익수,17,7,75.33333333333333,0,0,16,1,0,1.0,0,0,0,,RF
2026,47,양석환,두산,1루수,17,17,137.0,2,0,112,8,9,0.984,0,0,0,,1B
2026,47,양의지,두산,포수,17,16,131.0,1,0,126,9,2,0.993,1,12,1,7.7,C
2026,47,카메론,두산,우익수,17,17,136.0,0,0,26,0,0,1.0,0,0,0,,RF
2026,53,구본혁,LG,3루수,16,5,65.0,0,0,3,6,0,1.0,0,0,0,,3B
2026,53,최재훈,한화,포수,16,16,115.0,1,0,108,9,2,0.992,1,4,2,33.3,C
2026,53,박건우,NC,우익수,16,16,110.0,0,0,17,0,0,1.0,0,0,0,,RF
2026,53,김현수,KT,1루수,16,15,132.0,1,0,100,15,14,0.991,0,0,0,,1B
2026,53,한승택,KT,포수,16,14,119.33333333333331,0,0,105,11,2,1.0,0,12,4,25.0,C
2026,53,레이예스,롯데,좌익수,16,15,130.33333333333334,0,0,27,2,2,1.0,0,0,0,,LF
2026,53,윤동희,롯데,우익수,16,16,124.33333333333331,0,0,28,1,0,1.0,0,0,0,,RF
2026,53,박찬혁,키움,우익수,16,15,116.0,0,0,22,1,0,1.0,0,0,0,,RF
2026,61,허인서,한화,포수,15,5,73.0,0,1,68,5,1,1.0,1,5,1,16.7,C
2026,61,조형우,SSG,포수,15,15,116.0,3,0,91,10,1,0.971,0,7,2,22.2,C
2026,61,한유섬,SSG,우익수,15,13,93.0,0,0,15,1,0,1.0,0,0,0,,RF
2026,61,김휘집,NC,3루수,15,15,109.0,1,0,12,25,1,0.974,0,0,0,,3B
2026,61,유강남,롯데,포수,15,9,76.33333333333333,0,0,73,7,0,1.0,1,14,4,22.2,C
2026,61,한동희,롯데,3루수,15,15,122.0,2,0,9,16,0,0.926,0,0,0,,3B
2026,61,황성빈,롯데,중견수,15,12,107.0,1,0,22,0,0,0.957,0,0,0,,CF
2026,68,노시환,한화,3루수,14,14,126.0,3,0,5,20,3,0.893,0,0,0,,3B
2026,68,스기모토,KT,투수,14,0,11.666666666666666,0,0,0,0,0,,0,0,0,,P
2026,68,안현민,KT,우익수,14,14,118.0,0,0,23,1,0,1.0,0,0,0,,RF
2026,68,박재현,KIA,우익수,14,10,95.0,0,0,17,1,1,1.0,0,0,0,,RF
2026,68,안재석,두산,3루수,14,14,119.0,3,0,13,17,1,0.909,0,0,0,,3B
2026,68,이병헌,두산,투수,14,0,11.0,0,0,1,2,1,1.0,0,0,0,,P
2026,74,오재원,한화,중견수,13,11,101.0,2,0,27,0,0,0.931,0,0,0,,CF
2026,74,정우주,한화,투수,13,0,9.333333333333334,0,0,0,0,0,,0,0,0,,P
2026,74,전병우,삼성,3루수,13,11,100.0,2,0,6,21,1,0.931,0,0,0,,3B
2026,74,김영규,NC,투수,13,0,9.333333333333334,0,0,0,1,0,1.0,0,0,0,,P
2026,74,배재환,NC,투수,13,0,9.666666666666666,0,0,0,0,0,,0,0,0,,P
2026,74,최원준,KT,중견수,13,13,111.0,2,0,22,1,0,0.92,0,0,0,,CF
2026,74,한승혁,KT,투수,13,0,12.0,1,0,1,0,0,0.5,0,0,0,,P
2026,74,김범수,KIA,투수,13,0,9.666666666666666,0,0,1,2,0,1.0,0,0,0,,P
2026,74,김선빈,KIA,2루수,13,13,98.0,0,0,11,38,4,1.0,0,0,0,,2B
2026,74,박정우,KIA,좌익수,13,0,22.666666666666668,1,0,7,0,0,0.875,0,0,0,,LF
2026,84,유영찬,LG,투수,12,0,11.666666666666666,0,0,1,0,0,1.0,0,0,0,,P
2026,84,김종수,한화,투수,12,0,9.0,0,0,0,1,0,1.0,0,0,0,,P
2026,84,조동욱,한화,투수,12,0,7.666666666666667,0,0,0,2,0,1.0,0,0,0,,P
2026,84,오태곤,SSG,1루수,12,4,54.0,0,0,45,3,6,1.0,0,0,0,,1B
2026,84,이지영,SSG,포수,12,6,68.0,0,0,61,7,0,1.0,1,3,2,40.0,C
2026,84,전영준,SSG,투수,12,0,11.0,0,0,0,0,0,,0,0,0,,P
2026,84,박세혁,삼성,포수,12,4,53.0,0,0,34,3,0,1.0,0,6,0,0.0,C
2026,84,임지민,NC,투수,12,0,11.0,0,0,0,0,0,,0,0,0,,P
2026,84,배정대,KT,중견수,12,7,74.0,0,0,16,0,0,1.0,0,0,0,,CF
2026,84,오윤석,KT,1루수,12,7,64.0,0,0,63,5,8,1.0,0,0,0,,1B
2026,84,전용주,KT,투수,12,0,9.0,0,0,1,3,0,1.0,0,0,0,,P
2026,84,이호준,롯데,유격수,12,2,37.0,0,0,8,8,1,1.0,0,0,0,,SS
2026,84,김규성,KIA,1루수,12,5,60.0,1,0,50,1,2,0.981,0,0,0,,1B
2026,84,윤준호,두산,포수,12,6,63.0,0,0,65,2,0,1.0,0,0,0,,C
2026,84,어준서,키움,유격수,12,12,104.66666666666669,4,0,17,35,5,0.929,0,0,0,,SS
2026,84,유토,키움,투수,12,0,8.666666666666666,0,0,0,2,0,1.0,0,0,0,,P
2026,100,박상원,한화,투수,11,0,8.666666666666666,0,0,1,0,0,1.0,0,0,0,,P
2026,100,김민,SSG,투수,11,0,12.333333333333334,0,0,0,3,0,1.0,0,0,0,,P
2026,100,안상현,SSG,2루수,11,6,54.0,2,0,12,15,7,0.931,0,0,0,,2B
2026,100,구자욱,삼성,좌익수,11,11,87.0,1,0,12,0,0,0.923,0,0,0,,LF
2026,100,미야지,삼성,투수,11,0,10.333333333333334,0,0,1,0,0,1.0,0,0,0,,P
2026,100,배찬승,삼성,투수,11,0,8.0,0,0,1,1,0,1.0,0,0,0,,P
2026,100,이승민,삼성,투수,11,0,11.333333333333334,0,0,2,3,1,1.0,0,0,0,,P
2026,100,이승현,삼성,투수,11,0,9.333333333333334,0,0,0,0,0,,0,0,0,,P
2026,100,한석현,NC,우익수,11,3,47.0,0,0,11,0,0,1.0,0,0,0,,RF
2026,100,김민수,KT,투수,11,0,10.666666666666666,0,0,0,3,0,1.0,0,0,0,,P
2026,100,손동현,KT,투수,11,0,10.666666666666666,0,0,1,0,0,1.0,0,0,0,,P
2026,100,정현창,KIA,2루수,11,1,27.0,0,0,6,8,0,1.0,0,0,0,,2B
2026,100,박한결,키움,2루수,11,10,90.0,1,0,21,29,6,0.98,0,0,0,,2B
2026,113,김진성,LG,투수,10,0,10.0,0,0,0,0,0,,0,0,0,,P
2026,113,우강훈,LG,투수,10,0,9.333333333333334,0,0,0,1,0,1.0,0,0,0,,P
2026,113,이주헌,LG,포수,10,3,35.0,0,0,29,1,0,1.0,0,0,0,,C
2026,113,장현식,LG,투수,10,0,9.666666666666666,0,0,1,1,0,1.0,0,0,0,,P
2026,113,김서현,한화,투수,10,0,7.666666666666667,0,0,0,1,0,1.0,0,0,0,,P
2026,113,이원석,한화,중견수,10,10,84.0,0,0,23,2,2,1.0,0,0,0,,CF
2026,113,김영웅,삼성,3루수,10,10,88.0,1,0,8,24,3,0.97,0,0,0,,3B
2026,113,김헌곤,삼성,좌익수,10,3,31.666666666666668,0,0,10,0,0,1.0,0,0,0,,LF
2026,113,박승규,삼성,우익수,10,9,78.33333333333333,0,0,24,1,0,1.0,0,0,0,,RF
2026,113,이해승,삼성,유격수,10,1,40.0,0,0,7,15,3,1.0,0,0,0,,SS
2026,113,서호철,NC,1루수,10,7,54.0,0,0,52,2,4,1.0,0,0,0,,1B
2026,113,권동진,KT,유격수,10,0,23.0,0,0,6,7,2,1.0,0,0,0,,SS
2026,113,류현인,KT,3루수,10,6,60.0,3,0,5,13,2,0.857,0,0,0,,3B
2026,113,박영현,KT,투수,10,0,12.333333333333334,0,0,2,1,0,1.0,0,0,0,,P
2026,113,장성우,KT,포수,10,8,70.33333333333333,0,0,64,4,0,1.0,0,7,0,0.0,C
2026,113,최원준,KT,우익수,10,8,78.0,0,0,22,0,0,1.0,0,0,0,,RF
2026,113,박정민,롯데,투수,10,0,10.333333333333334,1,0,1,1,0,0.667,0,0,0,,P
2026,113,성영탁,KIA,투수,10,0,11.666666666666666,0,0,0,2,0,1.0,0,0,0,,P
2026,113,조상우,KIA,투수,10,0,9.666666666666666,0,0,0,1,0,1.0,0,0,0,,P
2026,113,강승호,두산,1루수,10,5,56.0,0,0,40,6,6,1.0,0,0,0,,1B
2026,113,박지훈,두산,3루수,10,8,74.0,0,0,4,13,1,1.0,0,0,0,,3B
2026,113,김지석,키움,3루수,10,9,74.0,2,0,4,12,1,0.889,0,0,0,,3B
2026,113,박정훈,키움,투수,10,0,8.333333333333334,0,1,0,3,0,1.0,0,0,0,,P
2026,136,문승원,SSG,투수,9,0,10.0,1,0,0,4,0,0.8,0,0,0,,P
2026,136,이로운,SSG,투수,9,0,8.666666666666666,0,0,0,1,1,1.0,0,0,0,,P
2026,136,김재윤,삼성,투수,9,0,8.0,0,0,1,1,0,1.0,0,0,0,,P
2026,136,백정현,삼성,투수,9,0,9.666666666666666,0,0,0,0,0,,0,0,0,,P
2026,136,김진호,NC,투수,9,0,7.333333333333333,0,0,0,2,0,1.0,0,0,0,,P
2026,136,신재인,NC,1루수,9,6,54.66666666666666,1,0,48,7,4,0.982,0,0,0,,1B
2026,136,이준혁,NC,투수,9,0,9.666666666666666,2,0,2,0,0,0.5,0,0,0,,P
2026,136,전사민,NC,투수,9,0,7.0,0,0,2,0,0,1.0,0,0,0,,P
2026,136,김원중,롯데,투수,9,0,7.0,1,0,1,2,0,0.75,0,0,0,,P
2026,136,장두성,롯데,중견수,9,3,43.0,0,0,9,0,0,1.0,0,0,0,,CF
2026,136,최준용,롯데,투수,9,0,9.0,0,0,1,0,0,1.0,0,0,0,,P
2026,136,나성범,KIA,우익수,9,9,70.0,1,0,11,0,0,0.917,0,0,0,,RF
2026,136,홍민규,KIA,투수,9,0,8.333333333333334,0,0,1,0,0,1.0,0,0,0,,P
2026,136,김택연,두산,투수,9,0,10.333333333333334,0,0,0,0,0,,0,0,0,,P
2026,136,양재훈,두산,투수,9,0,9.0,0,0,2,1,0,1.0,0,0,0,,P
