연도,순위,선수명,팀명,G,SBA,SB,CS,SB%,OOB,PKO,SB_pct_calc
2022,1,박찬호,KIA,130,50,42,8,84.0,7,0,84.0
2022,2,김혜성,키움,129,41,34,7,82.9,4,1,82.92682926829268
2022,3,최지훈,SSG,144,38,31,7,81.6,5,3,81.57894736842105
2022,4,김지찬,삼성,113,29,25,4,86.2,3,0,86.20689655172413
2022,5,박해민,LG,144,30,24,6,80.0,8,1,80.0
2022,6,심우준,KT,132,25,23,2,92.0,3,0,92.0
2022,7,조수행,두산,117,29,22,7,75.9,2,0,75.86206896551724
2022,8,박민우,NC,104,25,21,4,84.0,9,1,84.0
2022,9,오지환,LG,142,27,20,7,74.1,5,2,74.07407407407408
2022,9,하주석,한화,125,26,20,6,76.9,7,0,76.92307692307693
2022,11,배정대,KT,144,23,19,4,82.6,9,2,82.6086956521739
2022,11,터크먼,한화,144,30,19,11,63.3,2,1,63.33333333333333
2022,13,노수광,한화,117,23,17,6,73.9,8,3,73.91304347826086
2022,14,정수빈,두산,127,23,15,8,65.2,4,1,65.21739130434783
2022,14,피렐라,삼성,141,20,15,5,75.0,5,2,75.0
2022,14,추신수,SSG,112,20,15,5,75.0,5,1,75.0
2022,17,김기환,NC,73,16,14,2,87.5,1,3,87.5
2022,18,강승호,두산,134,18,13,5,72.2,2,1,72.22222222222221
2022,18,홍창기,LG,118,17,13,4,76.5,1,0,76.47058823529412
2022,18,김도영,KIA,103,16,13,3,81.3,7,0,81.25
2022,18,김선빈,KIA,140,15,13,2,86.7,10,0,86.66666666666667
2022,22,이용규,키움,86,14,12,2,85.7,7,0,85.71428571428571
2022,22,박성한,SSG,140,20,12,8,60.0,2,0,60.0
2022,22,최정,SSG,121,17,12,5,70.6,4,0,70.58823529411765
2022,22,마티니,NC,139,16,12,4,75.0,5,0,75.0
2022,22,소크라테스,KIA,127,19,12,7,63.2,5,1,63.1578947368421
2022,27,구자욱,삼성,99,12,11,1,91.7,4,1,91.66666666666666
2022,27,오태곤,SSG,130,15,11,4,73.3,1,0,73.33333333333333
2022,29,허경민,두산,121,13,10,3,76.9,6,1,76.92307692307693
2022,29,김성윤,삼성,48,12,10,2,83.3,1,1,83.33333333333334
2022,29,김주원,NC,96,13,10,3,76.9,2,1,76.92307692307693
2022,29,황성빈,롯데,102,22,10,12,45.5,0,3,45.45454545454545
2022,29,정은원,한화,140,16,10,6,62.5,4,0,62.5
2022,34,문성주,LG,106,15,9,6,60.0,6,1,60.0
2022,35,서건창,LG,77,11,8,3,72.7,2,0,72.72727272727273
2022,35,박승욱,롯데,100,10,8,2,80.0,5,0,80.0
2022,35,류지혁,KIA,127,12,8,4,66.7,4,0,66.66666666666666
2022,38,문보경,LG,126,7,7,0,100.0,5,2,100.0
2022,38,박준영,NC,75,9,7,2,77.8,2,0,77.77777777777779
2022,38,손아섭,NC,138,10,7,3,70.0,6,0,70.0
2022,38,안치홍,롯데,132,9,7,2,77.8,4,0,77.77777777777779
2022,38,피터스,롯데,85,11,7,4,63.6,4,1,63.63636363636363
2022,43,김민혁,KT,132,15,6,9,40.0,3,1,40.0
2022,43,황재균,KT,141,9,6,3,66.7,3,1,66.66666666666666
2022,43,김현준,삼성,118,9,6,3,66.7,6,0,66.66666666666666
2022,43,채은성,LG,126,13,6,7,46.2,3,0,46.15384615384615
2022,43,푸이그,키움,126,9,6,3,66.7,12,1,66.66666666666666
2022,43,최승민,NC,44,9,6,3,66.7,1,0,66.66666666666666
2022,43,전준우,롯데,120,9,6,3,66.7,2,0,66.66666666666666
2022,43,나성범,KIA,144,7,6,1,85.7,5,0,85.71428571428571
2022,43,노시환,한화,115,8,6,2,75.0,2,1,75.0
2022,43,박정현,한화,81,7,6,1,85.7,3,0,85.71428571428571
2022,53,박병호,KT,124,8,5,3,62.5,3,0,62.5
2022,53,알포드,KT,80,6,5,1,83.3,6,1,83.33333333333334
2022,53,조용호,KT,131,9,5,4,55.6,4,0,55.55555555555556
2022,53,박계범,두산,77,8,5,3,62.5,3,0,62.5
2022,53,이정후,키움,142,5,5,0,100.0,1,1,100.0
2022,53,이명기,NC,94,9,5,4,55.6,5,0,55.55555555555556
2022,59,권동진,KT,48,4,4,0,100.0,1,0,100.0
2022,59,홍현빈,KT,61,4,4,0,100.0,0,0,100.0
2022,59,강진성,두산,40,4,4,0,100.0,1,0,100.0
2022,59,안재석,두산,99,4,4,0,100.0,4,0,100.0
2022,59,강한울,삼성,94,6,4,2,66.7,0,0,66.66666666666666
2022,59,김재혁,삼성,15,4,4,0,100.0,0,1,100.0
2022,59,가르시아,LG,39,5,4,1,80.0,2,2,80.0
2022,59,장두성,롯데,53,5,4,1,80.0,3,1,80.0
2022,59,정훈,롯데,91,5,4,1,80.0,2,0,80.0
2022,68,안권수,두산,76,7,3,4,42.9,3,0,42.85714285714285
2022,68,전민재,두산,35,3,3,0,100.0,1,0,100.0
2022,68,김헌곤,삼성,80,4,3,1,75.0,3,0,75.0
2022,68,이재원,LG,85,4,3,1,75.0,4,1,75.0
2022,68,김성현,SSG,130,6,3,3,50.0,5,0,50.0
2022,68,라가레스,SSG,49,4,3,1,75.0,3,0,75.0
2022,68,최상민,SSG,27,4,3,1,75.0,0,0,75.0
2022,68,박건우,NC,111,6,3,3,50.0,4,0,50.0
2022,68,서호철,NC,89,4,3,1,75.0,1,0,75.0
2022,68,양의지,NC,130,4,3,1,75.0,7,0,75.0
2022,68,렉스,롯데,56,3,3,0,100.0,5,0,100.0
2022,68,신윤후,롯데,49,4,3,1,75.0,0,0,75.0
2022,68,이호연,롯데,88,4,3,1,75.0,4,0,75.0
2022,68,이창진,KIA,111,8,3,5,37.5,4,0,37.5
2022,68,김태연,한화,119,5,3,2,60.0,6,0,60.0
2022,68,이도윤,한화,80,5,3,2,60.0,2,0,60.0
2022,84,김준태,KT,98,2,2,0,100.0,2,0,100.0
2022,84,라모스,KT,18,2,2,0,100.0,1,0,100.0
2022,84,오윤석,KT,112,3,2,1,66.7,1,0,66.66666666666666
2022,84,이시원,KT,31,2,2,0,100.0,0,0,100.0
2022,84,김대한,두산,51,3,2,1,66.7,2,0,66.66666666666666
2022,84,김재환,두산,128,3,2,1,66.7,5,0,66.66666666666666
2022,84,박세혁,두산,128,4,2,2,50.0,4,0,50.0
2022,84,김상수,삼성,72,3,2,1,66.7,3,0,66.66666666666666
2022,84,김성표,삼성,17,2,2,0,100.0,1,0,100.0
2022,84,박승규,삼성,62,2,2,0,100.0,0,1,100.0
2022,84,오선진,삼성,100,4,2,2,50.0,1,0,50.0
2022,84,오재일,삼성,135,3,2,1,66.7,4,0,66.66666666666666
2022,84,최영진,삼성,43,4,2,2,50.0,0,0,50.0
2022,84,김현수,LG,141,3,2,1,66.7,2,0,66.66666666666666
2022,84,송찬의,LG,33,3,2,1,66.7,2,0,66.66666666666666
2022,84,신민재,LG,14,4,2,2,50.0,0,0,50.0
2022,84,안상현,SSG,46,2,2,0,100.0,0,0,100.0
2022,84,최경모,SSG,98,2,2,0,100.0,3,0,100.0
2022,84,권희동,NC,82,3,2,1,66.7,1,0,66.66666666666666
2022,84,노진혁,NC,115,2,2,0,100.0,5,0,100.0
2022,84,오태양,NC,15,4,2,2,50.0,0,0,50.0
2022,84,이학주,롯데,91,6,2,4,33.3,2,1,33.33333333333333
2022,84,김호령,KIA,54,3,2,1,66.7,1,0,66.66666666666666
2022,84,김인환,한화,113,2,2,0,100.0,6,0,100.0
2022,84,이진영,한화,70,4,2,2,50.0,2,0,50.0
2022,84,장진혁,한화,41,3,2,1,66.7,1,0,66.66666666666666
2022,110,문상철,KT,28,1,1,0,100.0,0,0,100.0
2022,110,양승혁,KT,11,2,1,1,50.0,0,1,50.0
2022,110,장성우,KT,117,1,1,0,100.0,0,0,100.0
2022,110,장준원,KT,35,1,1,0,100.0,0,0,100.0
2022,110,김인태,두산,83,1,1,0,100.0,3,0,100.0
2022,110,신성현,두산,17,1,1,0,100.0,0,0,100.0
2022,110,양석환,두산,107,1,1,0,100.0,4,0,100.0
2022,110,오재원,두산,18,3,1,2,33.3,0,0,33.33333333333333
2022,110,이유찬,두산,13,2,1,1,50.0,0,0,50.0
2022,110,조민성,삼성,12,1,1,0,100.0,1,0,100.0
2022,110,루이즈,LG,27,1,1,0,100.0,0,0,100.0
2022,110,이상호,LG,60,3,1,2,33.3,0,0,33.33333333333333
2022,110,김주형,키움,55,1,1,0,100.0,1,0,100.0
2022,110,김준완,키움,111,2,1,1,50.0,3,0,50.0
2022,110,김태진,키움,77,3,1,2,33.3,1,0,33.33333333333333
2022,110,이병규,키움,24,1,1,0,100.0,2,0,100.0
2022,110,이지영,키움,137,2,1,1,50.0,3,1,50.0
2022,110,임지열,키움,40,1,1,0,100.0,1,0,100.0
2022,110,김강민,SSG,84,4,1,3,25.0,4,0,25.0
2022,110,이재원,SSG,105,1,1,0,100.0,1,0,100.0
2022,110,하재훈,SSG,60,1,1,0,100.0,1,0,100.0
2022,110,한유섬,SSG,135,2,1,1,50.0,1,0,50.0
2022,110,윤형준,NC,35,1,1,0,100.0,1,0,100.0
2022,110,정진기,NC,39,1,1,0,100.0,0,1,100.0
2022,110,천재환,NC,29,1,1,0,100.0,0,0,100.0
2022,110,고승민,롯데,92,5,1,4,20.0,0,0,20.0
2022,110,정보근,롯데,95,1,1,0,100.0,4,0,100.0
2022,110,추재현,롯데,33,1,1,0,100.0,3,0,100.0
2022,110,한태양,롯데,38,1,1,0,100.0,2,0,100.0
2022,110,고종욱,KIA,62,1,1,0,100.0,1,0,100.0
2022,110,박동원,KIA,123,1,1,0,100.0,5,1,100.0
2022,110,이우성,KIA,80,4,1,3,25.0,1,1,25.0
2022,110,최형우,KIA,132,1,1,0,100.0,3,1,100.0
2022,110,이성곤,한화,41,2,1,1,50.0,1,0,50.0
2022,110,최재훈,한화,114,2,1,1,50.0,1,0,50.0
2022,110,허관회,한화,15,1,1,0,100.0,0,0,100.0
2022,146,강백호,KT,62,0,0,0,,1,0,
2022,146,고명성,KT,1,0,0,0,,0,0,
2022,146,김병희,KT,41,3,0,3,0.0,1,0,0.0
2022,146,김재윤,KT,1,0,0,0,,0,0,
2022,146,김태훈,KT,7,0,0,0,,0,0,
2023,1,정수빈,두산,137,47,39,8,83.0,5,3,82.97872340425532
2023,2,신민재,LG,122,54,37,17,68.5,6,1,68.51851851851852
2023,3,박찬호,KIA,130,38,30,8,78.9,5,1,78.94736842105263
2023,4,박해민,LG,144,38,26,12,68.4,11,2,68.42105263157895
2023,4,박민우,NC,124,33,26,7,78.8,4,1,78.78787878787878
2023,4,류지혁,삼성,132,28,26,2,92.9,7,2,92.85714285714286
2023,4,조수행,두산,126,32,26,6,81.3,4,0,81.25
2023,8,김혜성,키움,137,28,25,3,89.3,6,2,89.28571428571429
2023,8,김도영,KIA,84,29,25,4,86.2,2,2,86.20689655172413
2023,10,문성주,LG,136,38,24,14,63.2,6,2,63.1578947368421
2023,11,홍창기,LG,141,46,23,23,50.0,10,3,50.0
2023,12,최지훈,SSG,117,23,21,2,91.3,4,3,91.30434782608695
2023,13,오태곤,SSG,123,21,20,1,95.2,2,0,95.23809523809524
2023,13,김성윤,삼성,101,24,20,4,83.3,1,0,83.33333333333334
2023,15,알포드,KT,133,21,17,4,81.0,12,1,80.95238095238095
2023,16,오지환,LG,126,23,16,7,69.6,7,2,69.56521739130434
2023,16,김민석,롯데,129,19,16,3,84.2,3,2,84.21052631578947
2023,16,안권수,롯데,95,23,16,7,69.6,2,2,69.56521739130434
2023,19,소크라테스,KIA,142,21,15,6,71.4,3,1,71.42857142857143
2023,19,김주원,NC,127,18,15,3,83.3,6,1,83.33333333333334
2023,19,마틴,NC,118,18,15,3,83.3,9,1,83.33333333333334
2023,19,박승욱,롯데,123,19,15,4,78.9,1,0,78.94736842105263
2023,23,손아섭,NC,140,17,14,3,82.4,4,1,82.35294117647058
2023,24,배정대,KT,97,16,13,3,81.3,3,0,81.25
2023,24,최원준,KIA,67,18,13,5,72.2,1,1,72.22222222222221
2023,24,김지찬,삼성,99,14,13,1,92.9,4,1,92.85714285714286
2023,24,강승호,두산,127,19,13,6,68.4,4,1,68.42105263157895
2023,24,이원석,한화,81,16,13,3,81.3,3,0,81.25
2023,29,에레디아,SSG,122,20,12,8,60.0,5,1,60.0
2023,29,구자욱,삼성,119,16,12,4,75.0,4,2,75.0
2023,29,이유찬,두산,104,17,12,5,70.6,3,1,70.58823529411765
2023,32,하재훈,SSG,77,11,11,0,100.0,0,1,100.0
2023,32,김민혁,KT,113,15,11,4,73.3,5,0,73.33333333333333
2023,32,이도윤,한화,106,14,11,3,78.6,0,0,78.57142857142857
2023,35,도슨,키움,57,11,9,2,81.8,2,0,81.81818181818183
2023,35,문보경,LG,131,17,9,8,52.9,8,2,52.94117647058824
2023,35,이창진,KIA,104,11,9,2,81.8,1,0,81.81818181818183
2023,35,전준우,롯데,138,11,9,2,81.8,7,0,81.81818181818183
2023,35,황성빈,롯데,74,14,9,5,64.3,0,1,64.28571428571429
2023,35,허경민,두산,130,12,9,3,75.0,3,1,75.0
2023,41,최승민,LG,38,11,8,3,72.7,1,1,72.72727272727273
2023,41,이우성,KIA,126,9,8,1,88.9,7,0,88.88888888888889
2023,41,고승민,롯데,94,11,8,3,72.7,2,0,72.72727272727273
2023,41,양의지,두산,129,8,8,0,100.0,7,1,100.0
2023,45,최정,SSG,128,10,7,3,70.0,6,0,70.0
2023,45,오스틴,LG,139,10,7,3,70.0,5,2,70.0
2023,45,안치영,KT,76,8,7,1,87.5,0,0,87.5
2023,45,박건우,NC,130,12,7,5,58.3,5,0,58.333333333333336
2023,45,노진혁,롯데,113,9,7,2,77.8,2,0,77.77777777777779
2023,50,추신수,SSG,112,10,6,4,60.0,4,0,60.0
2023,50,이정후,키움,86,9,6,3,66.7,1,1,66.66666666666666
2023,50,김규성,KIA,99,8,6,2,75.0,0,1,75.0
2023,50,김성욱,NC,93,7,6,1,85.7,0,1,85.71428571428571
2023,50,강민호,삼성,125,7,6,1,85.7,5,0,85.71428571428571
2023,50,피렐라,삼성,139,10,6,4,60.0,7,1,60.0
2023,50,정은원,한화,122,9,6,3,66.7,1,1,66.66666666666666
2023,57,김상수,KT,129,11,5,6,45.5,4,2,45.45454545454545
2023,57,김현준,삼성,109,10,5,5,50.0,4,1,50.0
2023,57,이재현,삼성,143,9,5,4,55.6,8,0,55.55555555555556
2023,57,김태연,한화,91,6,5,1,83.3,3,0,83.33333333333334
2023,57,문현빈,한화,137,6,5,1,83.3,6,3,83.33333333333334
2023,57,이진영,한화,121,5,5,0,100.0,4,1,100.0
2023,57,장진혁,한화,68,9,5,4,55.6,0,0,55.55555555555556
2023,64,김성현,SSG,112,5,4,1,80.0,2,0,80.0
2023,64,박성한,SSG,128,5,4,1,80.0,4,3,80.0
2023,64,임병욱,키움,80,4,4,0,100.0,4,0,100.0
2023,64,이재원,LG,57,6,4,2,66.7,0,0,66.66666666666666
2023,64,이호연,KT,85,6,4,2,66.7,3,0,66.66666666666666
2023,64,조용호,KT,63,4,4,0,100.0,3,0,100.0
2023,64,최정용,KIA,56,4,4,0,100.0,1,0,100.0
2023,64,박영빈,NC,41,6,4,2,66.7,2,0,66.66666666666666
2023,64,서호철,NC,114,9,4,5,44.4,3,1,44.44444444444444
2023,64,최정원,NC,39,5,4,1,80.0,1,0,80.0
2023,64,이성규,삼성,109,7,4,3,57.1,1,0,57.14285714285714
2023,64,이학주,롯데,104,5,4,1,80.0,1,0,80.0
2023,64,김재호,두산,91,4,4,0,100.0,2,0,100.0
2023,64,양석환,두산,140,4,4,0,100.0,9,0,100.0
2023,78,안상현,SSG,58,4,3,1,75.0,0,0,75.0
2023,78,이주형,키움,69,4,3,1,75.0,0,1,75.0
2023,78,서건창,LG,44,6,3,3,50.0,3,0,50.0
2023,78,강백호,KT,71,3,3,0,100.0,4,0,100.0
2023,78,문상철,KT,112,4,3,1,75.0,3,0,75.0
2023,78,송민섭,KT,69,4,3,1,75.0,1,0,75.0
2023,78,오윤석,KT,82,4,3,1,75.0,0,1,75.0
2023,78,장준원,KT,69,3,3,0,100.0,0,0,100.0
2023,78,황재균,KT,109,6,3,3,50.0,2,1,50.0
2023,78,김선빈,KIA,119,4,3,1,75.0,4,0,75.0
2023,78,오영수,NC,70,6,3,3,50.0,3,1,50.0
2023,78,오태양,NC,21,6,3,3,50.0,1,0,50.0
2023,78,김동진,삼성,44,3,3,0,100.0,2,1,100.0
2023,78,안치홍,롯데,121,6,3,3,50.0,3,1,50.0
2023,78,윤동희,롯데,107,9,3,6,33.3,2,3,33.33333333333333
2023,78,김재환,두산,132,4,3,1,75.0,4,0,75.0
2023,78,양찬열,두산,44,5,3,2,60.0,0,0,60.0
2023,95,김강민,SSG,70,3,2,1,66.7,2,0,66.66666666666666
2023,95,최경모,SSG,28,2,2,0,100.0,0,0,100.0
2023,95,최상민,SSG,51,4,2,2,50.0,1,0,50.0
2023,95,한유섬,SSG,109,3,2,1,66.7,1,1,66.66666666666666
2023,95,이용규,키움,50,3,2,1,66.7,2,0,66.66666666666666
2023,95,김민성,LG,112,3,2,1,66.7,2,0,66.66666666666666
2023,95,김현수,LG,133,3,2,1,66.7,5,0,66.66666666666666
2023,95,손호영,LG,27,3,2,1,66.7,0,0,66.66666666666666
2023,95,박병호,KT,132,2,2,0,100.0,4,0,100.0
2023,95,이상호,KT,63,2,2,0,100.0,1,0,100.0
2023,95,홍현빈,KT,44,2,2,0,100.0,0,0,100.0
2023,95,고종욱,KIA,114,4,2,2,50.0,0,0,50.0
2023,95,김태군,KIA,114,3,2,1,66.7,5,0,66.66666666666666
2023,95,권희동,NC,96,2,2,0,100.0,5,0,100.0
2023,95,도태훈,NC,117,3,2,1,66.7,2,0,66.66666666666666
2023,95,천재환,NC,78,5,2,3,40.0,1,0,40.0
2023,95,한석현,NC,27,3,2,1,66.7,1,1,66.66666666666666
2023,95,김호재,삼성,75,2,2,0,100.0,0,1,100.0
2023,95,장두성,롯데,25,2,2,0,100.0,1,1,100.0
2023,95,정훈,롯데,80,2,2,0,100.0,2,0,100.0
2023,95,김인태,두산,47,3,2,1,66.7,2,0,66.66666666666666
2023,95,박계범,두산,78,4,2,2,50.0,1,2,50.0
2023,95,박준영,두산,51,3,2,1,66.7,0,0,66.66666666666666
2023,95,안재석,두산,27,2,2,0,100.0,1,2,100.0
2023,95,권광민,한화,66,2,2,0,100.0,0,0,100.0
2023,95,노수광,한화,30,3,2,1,66.7,1,1,66.66666666666666
2023,95,노시환,한화,131,3,2,1,66.7,4,0,66.66666666666666
2023,95,오선진,한화,90,2,2,0,100.0,2,0,100.0
2023,123,러셀,키움,59,1,1,0,100.0,1,0,100.0
2023,123,박주홍,키움,27,1,1,0,100.0,1,0,100.0
2023,123,송성문,키움,104,1,1,0,100.0,1,0,100.0
2023,123,이지영,키움,81,2,1,1,50.0,0,0,50.0
2023,123,임지열,키움,72,1,1,0,100.0,2,0,100.0
2023,123,김기연,LG,28,1,1,0,100.0,1,0,100.0
2023,123,송찬의,LG,19,1,1,0,100.0,1,0,100.0
2023,123,정주현,LG,89,6,1,5,16.7,1,0,16.666666666666664
2023,123,김준태,KT,69,1,1,0,100.0,1,0,100.0
2023,123,장성우,KT,131,2,1,1,50.0,2,0,50.0
2023,123,김호령,KIA,76,1,1,0,100.0,0,0,100.0
2023,123,박세혁,NC,88,2,1,1,50.0,1,0,50.0
2023,123,윤형준,NC,82,2,1,1,50.0,1,0,50.0
2023,123,강한울,삼성,72,4,1,3,25.0,1,0,25.0
2023,123,김동엽,삼성,69,2,1,1,50.0,2,0,50.0
2023,123,김영웅,삼성,55,1,1,0,100.0,0,0,100.0
2023,123,오재일,삼성,106,1,1,0,100.0,3,1,100.0
2023,123,윤정빈,삼성,28,1,1,0,100.0,1,0,100.0
2023,123,김동혁,롯데,15,1,1,0,100.0,0,0,100.0
2023,123,배영빈,롯데,18,1,1,0,100.0,0,0,100.0
2023,123,신윤후,롯데,28,1,1,0,100.0,0,0,100.0
2023,123,유강남,롯데,121,2,1,1,50.0,6,0,50.0
2023,123,이정훈,롯데,59,2,1,1,50.0,1,1,50.0
2023,123,정보근,롯데,55,1,1,0,100.0,0,1,100.0
2023,123,한동희,롯데,108,4,1,3,25.0,3,0,25.0
2023,123,김대한,두산,33,4,1,3,25.0,0,0,25.0
2023,123,박지훈,두산,22,1,1,0,100.0,1,0,100.0
2023,123,안승한,두산,22,1,1,0,100.0,0,0,100.0
2024,1,조수행,두산,130,72,64,8,88.9,2,2,88.88888888888889
2024,2,정수빈,두산,136,65,52,13,80.0,7,1,80.0
2024,3,황성빈,롯데,125,61,51,10,83.6,6,4,83.60655737704919
2024,4,박해민,LG,144,56,43,13,76.8,4,4,76.78571428571429
2024,5,김지찬,삼성,135,46,42,4,91.3,1,2,91.30434782608695
2024,6,김도영,KIA,141,44,40,4,90.9,5,1,90.9090909090909
2024,7,신민재,LG,128,43,32,11,74.4,7,0,74.4186046511628
2024,7,최지훈,SSG,125,37,32,5,86.5,2,0,86.48648648648648
2024,7,박민우,NC,121,39,32,7,82.1,6,4,82.05128205128204
2024,10,김혜성,키움,127,36,30,6,83.3,6,1,83.33333333333334
2024,11,오태곤,SSG,117,31,27,4,87.1,0,1,87.09677419354838
2024,12,최원준,KIA,136,30,21,9,70.0,3,1,70.0
2024,12,송성문,키움,142,21,21,0,100.0,3,1,100.0
2024,14,박찬호,KIA,134,33,20,13,60.6,4,1,60.60606060606061
2024,15,오지환,LG,108,21,17,4,81.0,4,0,80.95238095238095
2024,16,정준재,SSG,88,21,16,5,76.2,4,0,76.19047619047619
2024,16,김주원,NC,134,22,16,6,72.7,5,0,72.72727272727273
2024,16,강승호,두산,140,21,16,5,76.2,3,0,76.19047619047619
2024,16,이유찬,두산,103,22,16,6,72.7,5,1,72.72727272727273
2024,20,하재훈,SSG,107,17,15,2,88.2,1,0,88.23529411764706
2024,21,장두성,롯데,71,17,14,3,82.4,2,0,82.35294117647058
2024,21,장진혁,한화,99,20,14,6,70.0,0,2,70.0
2024,23,문성주,LG,96,20,13,7,65.0,5,0,65.0
2024,23,박성한,SSG,137,16,13,3,81.3,4,1,81.25
2024,23,소크라테스,KIA,140,18,13,5,72.2,11,1,72.22222222222221
2024,23,구자욱,삼성,129,17,13,4,76.5,10,1,76.47058823529412
2024,27,오스틴,LG,140,20,12,8,60.0,6,1,60.0
2024,28,최승민,LG,57,18,11,7,61.1,1,2,61.11111111111112
2024,28,류지혁,삼성,100,15,11,4,73.3,4,1,73.33333333333333
2024,30,홍창기,LG,139,21,10,11,47.6,8,1,47.61904761904761
2024,30,김성욱,NC,129,14,10,4,71.4,0,1,71.42857142857143
2024,32,배정대,KT,113,16,9,7,56.3,4,1,56.25
2024,32,김영웅,삼성,126,11,9,2,81.8,1,0,81.81818181818183
2024,32,이성규,삼성,122,11,9,2,81.8,1,0,81.81818181818183
2024,35,구본혁,LG,133,12,8,4,66.7,4,0,66.66666666666666
2024,35,박지환,SSG,76,11,8,3,72.7,4,0,72.72727272727273
2024,35,이지영,SSG,123,9,8,1,88.9,0,0,88.88888888888889
2024,35,천재환,NC,89,10,8,2,80.0,3,0,80.0
2024,35,이원석,한화,87,10,8,2,80.0,4,0,80.0
2024,40,문보경,LG,144,13,7,6,53.8,2,2,53.84615384615385
2024,40,심우준,KT,53,8,7,1,87.5,1,0,87.5
2024,40,천성호,KT,75,7,7,0,100.0,2,1,100.0
2024,40,최정원,NC,65,10,7,3,70.0,4,0,70.0
2024,40,전민재,두산,100,10,7,3,70.0,4,0,70.0
2024,40,이우성,KIA,112,8,7,1,87.5,5,0,87.5
2024,40,손호영,롯데,102,11,7,4,63.6,2,2,63.63636363636363
2024,40,윤동희,롯데,141,15,7,8,46.7,8,0,46.66666666666666
2024,40,페라자,한화,122,12,7,5,58.3,5,0,58.333333333333336
2024,49,김현수,LG,137,7,6,1,85.7,7,1,85.71428571428571
2024,49,최원영,LG,57,10,6,4,60.0,1,1,60.0
2024,49,강백호,KT,144,8,6,2,75.0,6,0,75.0
2024,49,문상철,KT,125,7,6,1,85.7,1,1,85.71428571428571
2024,49,최경모,SSG,50,9,6,3,66.7,0,0,66.66666666666666
2024,49,손아섭,NC,84,8,6,2,75.0,4,0,75.0
2024,49,노시환,한화,136,6,6,0,100.0,3,0,100.0
2024,49,이도윤,한화,134,10,6,4,60.0,2,1,60.0
2024,49,이주형,키움,115,6,6,0,100.0,2,0,100.0
2024,58,장성우,KT,131,5,5,0,100.0,3,0,100.0
2024,58,조용호,KT,60,6,5,1,83.3,1,1,83.33333333333334
2024,58,최정,SSG,129,6,5,1,83.3,4,0,83.33333333333334
2024,58,추신수,SSG,78,6,5,1,83.3,3,0,83.33333333333334
2024,58,양석환,두산,142,8,5,3,62.5,2,0,62.5
2024,58,허경민,두산,115,6,5,1,83.3,3,0,83.33333333333334
2024,58,김선빈,KIA,116,6,5,1,83.3,1,0,83.33333333333334
2024,58,홍종표,KIA,100,7,5,2,71.4,0,0,71.42857142857143
2024,58,고승민,롯데,120,9,5,4,55.6,6,0,55.55555555555556
2024,58,레이예스,롯데,144,5,5,0,100.0,5,1,100.0
2024,58,김태연,한화,126,7,5,2,71.4,5,0,71.42857142857143
2024,58,이상혁,한화,43,7,5,2,71.4,0,1,71.42857142857143
2024,70,김민혁,KT,115,6,4,2,66.7,3,0,66.66666666666666
2024,70,황재균,KT,137,10,4,6,40.0,4,0,40.0
2024,70,에레디아,SSG,136,7,4,3,57.1,7,0,57.14285714285714
2024,70,권희동,NC,123,4,4,0,100.0,3,1,100.0
2024,70,김휘집,NC,140,7,4,3,57.1,4,2,57.14285714285714
2024,70,박건우,NC,89,4,4,0,100.0,0,0,100.0
2024,70,박세혁,NC,82,4,4,0,100.0,1,0,100.0
2024,70,제러드,두산,38,4,4,0,100.0,3,0,100.0
2024,70,이창진,KIA,103,7,4,3,57.1,1,0,57.14285714285714
2024,70,박승욱,롯데,139,9,4,5,44.4,7,0,44.44444444444444
2024,70,김재상,삼성,35,4,4,0,100.0,1,0,100.0
2024,70,김헌곤,삼성,117,6,4,2,66.7,1,0,66.66666666666666
2024,70,박병호,삼성,120,4,4,0,100.0,1,0,100.0
2024,70,안주형,삼성,82,6,4,2,66.7,2,0,66.66666666666666
2024,70,황영묵,한화,123,11,4,7,36.4,2,0,36.36363636363637
2024,85,김상수,KT,113,5,3,2,60.0,1,0,60.0
2024,85,고명준,SSG,106,7,3,4,42.9,1,1,42.85714285714285
2024,85,박시원,NC,55,3,3,0,100.0,1,1,100.0
2024,85,라모스,두산,80,6,3,3,50.0,4,0,50.0
2024,85,여동건,두산,9,3,3,0,100.0,2,0,100.0
2024,85,김호령,KIA,64,5,3,2,60.0,1,0,60.0
2024,85,서건창,KIA,94,4,3,1,75.0,5,0,75.0
2024,85,김동혁,롯데,39,4,3,1,75.0,0,2,75.0
2024,85,김민석,롯데,41,4,3,1,75.0,0,0,75.0
2024,85,전준우,롯데,109,4,3,1,75.0,3,1,75.0
2024,85,강민호,삼성,136,3,3,0,100.0,7,0,100.0
2024,85,김성윤,삼성,32,4,3,1,75.0,0,0,75.0
2024,85,문현빈,한화,103,8,3,5,37.5,4,1,37.5
2024,85,안치홍,한화,128,5,3,2,60.0,2,0,60.0
2024,85,최인호,한화,82,3,3,0,100.0,3,0,100.0
2024,85,박수종,키움,80,3,3,0,100.0,2,0,100.0
2024,101,김대원,LG,19,3,2,1,66.7,1,0,66.66666666666666
2024,101,안익훈,LG,37,2,2,0,100.0,0,0,100.0
2024,101,로하스,KT,144,3,2,1,66.7,7,0,66.66666666666666
2024,101,신본기,KT,84,2,2,0,100.0,0,0,100.0
2024,101,김성현,SSG,71,2,2,0,100.0,0,0,100.0
2024,101,최상민,SSG,43,3,2,1,66.7,0,0,66.66666666666666
2024,101,박영빈,NC,19,3,2,1,66.7,0,0,66.66666666666666
2024,101,한석현,NC,40,3,2,1,66.7,1,0,66.66666666666666
2024,101,박준영,두산,65,2,2,0,100.0,1,0,100.0
2024,101,양의지,두산,119,3,2,1,66.7,8,0,66.66666666666666
2024,101,김재혁,삼성,35,4,2,2,50.0,2,0,50.0
2024,101,김현준,삼성,79,2,2,0,100.0,1,0,100.0
2024,101,이재현,삼성,109,3,2,1,66.7,2,0,66.66666666666666
2024,101,정은원,한화,27,2,2,0,100.0,1,0,100.0
2024,101,도슨,키움,95,4,2,2,50.0,5,0,50.0
2024,101,박주홍,키움,25,2,2,0,100.0,0,0,100.0
2024,101,원성준,키움,51,2,2,0,100.0,0,0,100.0
2024,101,이용규,키움,60,4,2,2,50.0,3,0,50.0
2024,119,박동원,LG,130,1,1,0,100.0,6,0,100.0
2024,119,송찬의,LG,10,1,1,0,100.0,0,0,100.0
2024,119,김창평,SSG,6,1,1,0,100.0,0,0,100.0
2024,119,안상현,SSG,37,2,1,1,50.0,0,0,50.0
2024,119,정현승,SSG,23,1,1,0,100.0,1,0,100.0
2024,119,도태훈,NC,100,1,1,0,100.0,1,0,100.0
2024,119,서호철,NC,141,4,1,3,25.0,9,0,25.0
2024,119,김대한,두산,61,2,1,1,50.0,3,0,50.0
2024,119,김재환,두산,136,2,1,1,50.0,1,0,50.0
2024,119,박계범,두산,24,1,1,0,100.0,1,0,100.0
2024,119,전다민,두산,25,2,1,1,50.0,1,0,50.0
2024,119,홍성호,두산,15,1,1,0,100.0,0,0,100.0
2024,119,김규성,KIA,27,1,1,0,100.0,0,0,100.0
2024,119,변우혁,KIA,69,1,1,0,100.0,1,0,100.0
2024,119,윤도현,KIA,6,1,1,0,100.0,0,0,100.0
2024,119,최형우,KIA,116,2,1,1,50.0,1,0,50.0
2024,119,나승엽,롯데,121,1,1,0,100.0,3,0,100.0
2024,119,정훈,롯데,109,2,1,1,50.0,2,1,50.0
2024,119,추재현,롯데,2,1,1,0,100.0,0,0,100.0
2024,119,맥키넌,삼성,72,1,1,0,100.0,2,0,100.0
2024,119,윤정빈,삼성,69,4,1,3,25.0,0,0,25.0
2024,119,박상언,한화,27,1,1,0,100.0,0,0,100.0
2024,119,채은성,한화,124,2,1,1,50.0,6,0,50.0
2024,119,하주석,한화,64,3,1,2,33.3,2,0,33.33333333333333
2024,119,김재현,키움,110,2,1,1,50.0,0,0,50.0
2024,119,이형종,키움,35,1,1,0,100.0,1,0,100.0
2024,119,임병욱,키움,42,1,1,0,100.0,0,0,100.0
2024,146,김대현,LG,3,0,0,0,,0,0,
2024,146,김정율,LG,19,0,0,0,,0,0,
2024,146,김범석,LG,70,0,0,0,,1,0,
2024,146,김성우,LG,4,0,0,0,,0,0,
2024,146,김성진,LG,14,0,0,0,,1,0,
2025,1,박해민,LG,144,63,49,14,77.8,5,0,77.77777777777779
2025,2,김주원,NC,144,55,44,11,80.0,1,3,80.0
2025,3,정준재,SSG,132,45,37,8,82.2,4,0,82.22222222222221
2025,4,조수행,두산,108,37,30,7,81.1,3,1,81.08108108108108
2025,4,최정원,NC,91,36,30,6,83.3,2,0,83.33333333333334
2025,6,최지훈,SSG,140,35,28,7,80.0,6,2,80.0
2025,6,박민우,NC,117,36,28,8,77.8,8,2,77.77777777777779
2025,8,박찬호,KIA,134,33,27,6,81.8,5,0,81.81818181818183
2025,9,김성윤,삼성,127,33,26,7,78.8,8,0,78.78787878787878
2025,9,정수빈,두산,132,39,26,13,66.7,2,1,66.66666666666666
2025,9,최원준,NC,126,34,26,8,76.5,7,3,76.47058823529412
2025,12,오태곤,SSG,122,33,25,8,75.8,2,0,75.75757575757575
2025,12,황성빈,롯데,79,29,25,4,86.2,1,0,86.20689655172413
2025,12,송성문,키움,144,27,25,2,92.6,6,2,92.5925925925926
2025,15,김지찬,삼성,90,25,22,3,88.0,5,0,88.0
2025,15,이원석,한화,129,25,22,3,88.0,3,3,88.0
2025,17,케이브,두산,136,18,17,1,94.4,8,0,94.44444444444444
2025,17,안상현,SSG,102,23,17,6,73.9,2,0,73.91304347826086
2025,17,장두성,롯데,118,22,17,5,77.3,5,1,77.27272727272727
2025,17,문현빈,한화,141,23,17,6,73.9,4,2,73.91304347826086
2025,21,신민재,LG,135,24,15,9,62.5,4,1,62.5
2025,21,천재환,NC,129,20,15,5,75.0,1,0,75.0
2025,21,이주형,키움,127,16,15,1,93.8,2,2,93.75
2025,24,강승호,두산,115,17,14,3,82.4,3,1,82.35294117647058
2025,24,노시환,한화,144,19,14,5,73.7,9,1,73.68421052631578
2025,26,김동혁,롯데,93,17,13,4,76.5,2,0,76.47058823529412
2025,26,플로리얼,한화,65,16,13,3,81.3,4,2,81.25
2025,26,임지열,키움,102,19,13,6,68.4,3,0,68.42105263157895
2025,29,김호령,KIA,105,13,12,1,92.3,7,0,92.3076923076923
2025,29,이유찬,두산,89,14,12,2,85.7,3,0,85.71428571428571
2025,31,류지혁,삼성,129,17,11,6,64.7,11,2,64.70588235294117
2025,31,김민혁,KT,106,14,11,3,78.6,2,0,78.57142857142857
2025,31,심우준,한화,94,12,11,1,91.7,3,1,91.66666666666666
2025,31,박주홍,키움,102,12,11,1,91.7,2,1,91.66666666666666
2025,35,구본혁,LG,131,15,10,5,66.7,2,1,66.66666666666666
2025,35,박준순,두산,91,12,10,2,83.3,5,0,83.33333333333334
2025,35,김휘집,NC,142,12,10,2,83.3,2,1,83.33333333333334
2025,38,오지환,LG,127,16,9,7,56.3,7,0,56.25
2025,39,최원영,LG,119,12,8,4,66.7,1,2,66.66666666666666
2025,40,김재환,두산,103,9,7,2,77.8,7,0,77.77777777777779
2025,40,안현민,KT,112,8,7,1,87.5,3,2,87.5
2025,40,레이예스,롯데,144,8,7,1,87.5,6,0,87.5
2025,40,손호영,롯데,97,7,7,0,100.0,4,0,100.0
2025,40,서호철,NC,103,10,7,3,70.0,7,0,70.0
2025,45,김영웅,삼성,125,8,6,2,75.0,3,0,75.0
2025,45,이재현,삼성,139,7,6,1,85.7,2,0,85.71428571428571
2025,45,배정대,KT,99,9,6,3,66.7,2,0,66.66666666666666
2025,45,박건우,NC,124,10,6,4,60.0,2,0,60.0
2025,49,김규성,KIA,133,7,5,2,71.4,0,0,71.42857142857143
2025,49,박승규,삼성,64,9,5,4,55.6,0,0,55.55555555555556
2025,49,양도근,삼성,116,6,5,1,83.3,3,0,83.33333333333334
2025,49,오명진,두산,107,8,5,3,62.5,4,1,62.5
2025,49,박성한,SSG,127,11,5,6,45.5,4,1,45.45454545454545
2025,49,고승민,롯데,121,6,5,1,83.3,4,0,83.33333333333334
2025,49,김태연,한화,120,8,5,3,62.5,2,0,62.5
2025,49,권희동,NC,136,10,5,5,50.0,4,0,50.0
2025,57,김선빈,KIA,84,4,4,0,100.0,3,0,100.0
2025,57,박재현,KIA,58,7,4,3,57.1,0,0,57.14285714285714
2025,57,구자욱,삼성,142,5,4,1,80.0,7,0,80.0
2025,57,김현수,LG,140,4,4,0,100.0,4,0,100.0
2025,57,문성주,LG,135,7,4,3,57.1,8,0,57.14285714285714
2025,57,박동원,LG,139,4,4,0,100.0,7,0,100.0
2025,57,양의지,두산,130,6,4,2,66.7,5,1,66.66666666666666
2025,57,허경민,KT,114,5,4,1,80.0,4,0,80.0
2025,57,윤동희,롯데,97,6,4,2,66.7,1,1,66.66666666666666
2025,57,박영빈,NC,16,6,4,2,66.7,0,1,66.66666666666666
2025,57,전태현,키움,77,4,4,0,100.0,1,0,100.0
2025,57,주성원,키움,58,4,4,0,100.0,3,0,100.0
2025,69,김도영,KIA,30,3,3,0,100.0,1,0,100.0
2025,69,위즈덤,KIA,119,3,3,0,100.0,0,2,100.0
2025,69,심재훈,삼성,31,4,3,1,75.0,1,0,75.0
2025,69,문보경,LG,141,4,3,1,75.0,3,0,75.0
2025,69,오스틴,LG,116,3,3,0,100.0,2,0,100.0
2025,69,천성호,LG,83,4,3,1,75.0,2,2,75.0
2025,69,홍창기,LG,51,3,3,0,100.0,1,0,100.0
2025,69,김민석,두산,95,5,3,2,60.0,3,1,60.0
2025,69,박계범,두산,94,4,3,1,75.0,5,1,75.0
2025,69,박준영,두산,41,3,3,0,100.0,1,0,100.0
2025,69,전다민,두산,22,3,3,0,100.0,0,1,100.0
2025,69,권동진,KT,123,4,3,1,75.0,1,1,75.0
2025,69,김상수,KT,113,4,3,1,75.0,1,0,75.0
2025,69,황재균,KT,112,4,3,1,75.0,6,0,75.0
2025,69,전민재,롯데,101,6,3,3,50.0,4,0,50.0
2025,69,한태양,롯데,108,5,3,2,60.0,3,0,60.0
2025,69,안치홍,한화,66,3,3,0,100.0,2,0,100.0
2025,69,이상혁,한화,39,7,3,4,42.9,0,1,42.85714285714285
2025,69,김형준,NC,127,3,3,0,100.0,7,0,100.0
2025,69,도태훈,NC,61,3,3,0,100.0,1,1,100.0
2025,69,오영수,NC,67,5,3,2,60.0,0,1,60.0
2025,90,고종욱,KIA,46,3,2,1,66.7,3,0,66.66666666666666
2025,90,박정우,KIA,53,3,2,1,66.7,2,0,66.66666666666666
2025,90,윤도현,KIA,40,3,2,1,66.7,1,0,66.66666666666666
2025,90,강민호,삼성,127,4,2,2,50.0,5,0,50.0
2025,90,김헌곤,삼성,77,3,2,1,66.7,0,0,66.66666666666666
2025,90,이성규,삼성,68,4,2,2,50.0,1,0,50.0
2025,90,송찬의,LG,66,4,2,2,50.0,0,1,50.0
2025,90,안재석,두산,35,3,2,1,66.7,2,0,66.66666666666666
2025,90,강백호,KT,95,6,2,4,33.3,1,2,33.33333333333333
2025,90,스티븐슨,KT,39,2,2,0,100.0,5,1,100.0
2025,90,유준규,KT,35,3,2,1,66.7,1,0,66.66666666666666
2025,90,고명준,SSG,130,2,2,0,100.0,1,0,100.0
2025,90,이지영,SSG,76,3,2,1,66.7,2,0,66.66666666666666
2025,90,채현우,SSG,41,2,2,0,100.0,0,0,100.0
2025,90,최준우,SSG,78,2,2,0,100.0,1,0,100.0
2025,90,전준우,롯데,114,3,2,1,66.7,4,0,66.66666666666666
2025,90,임종찬,한화,17,2,2,0,100.0,1,0,100.0
2025,90,하주석,한화,95,3,2,1,66.7,3,0,66.66666666666666
2025,90,고승완,NC,17,3,2,1,66.7,0,0,66.66666666666666
2025,90,오태양,NC,14,3,2,1,66.7,0,0,66.66666666666666
2025,90,이우성,NC,105,3,2,1,66.7,5,1,66.66666666666666
2025,90,김건희,키움,105,3,2,1,66.7,1,0,66.66666666666666
2025,112,박민,KIA,71,1,1,0,100.0,0,0,100.0
2025,112,서건창,KIA,10,1,1,0,100.0,0,0,100.0
2025,112,최형우,KIA,133,1,1,0,100.0,4,0,100.0
2025,112,김태훈,삼성,51,1,1,0,100.0,1,0,100.0
2025,112,디아즈,삼성,144,1,1,0,100.0,5,1,100.0
2025,112,이창용,삼성,11,1,1,0,100.0,0,0,100.0
2025,112,전병우,삼성,59,1,1,0,100.0,0,0,100.0
2025,112,김정율,LG,13,1,1,0,100.0,0,0,100.0
2025,112,손용준,LG,9,1,1,0,100.0,0,0,100.0
2025,112,이영빈,LG,44,1,1,0,100.0,0,1,100.0
2025,112,최승민,LG,19,3,1,2,33.3,0,0,33.33333333333333
2025,112,김기연,두산,100,1,1,0,100.0,1,0,100.0
2025,112,김동준,두산,36,2,1,1,50.0,0,0,50.0
2025,112,박지훈,두산,37,1,1,0,100.0,3,0,100.0
2025,112,양석환,두산,72,1,1,0,100.0,1,0,100.0
2025,112,임종성,두산,33,1,1,0,100.0,0,0,100.0
2025,112,로하스,KT,95,2,1,1,50.0,2,0,50.0
2025,112,문상철,KT,79,2,1,1,50.0,1,0,50.0
2025,112,윤준혁,KT,28,1,1,0,100.0,0,0,100.0
2025,112,장진혁,KT,86,1,1,0,100.0,0,1,100.0
2025,112,최성민,KT,32,1,1,0,100.0,0,0,100.0
2025,112,김성욱,SSG,56,3,1,2,33.3,1,0,33.33333333333333
2025,112,김성현,SSG,59,2,1,1,50.0,1,0,50.0
2025,112,김태윤,SSG,8,2,1,1,50.0,0,0,50.0
2025,112,에레디아,SSG,96,3,1,2,33.3,5,0,33.33333333333333
2025,112,최상민,SSG,23,2,1,1,50.0,1,0,50.0
2025,112,최정,SSG,95,1,1,0,100.0,3,0,100.0
2025,112,하재훈,SSG,18,3,1,2,33.3,0,0,33.33333333333333
2025,112,한유섬,SSG,128,1,1,0,100.0,2,0,100.0
2025,112,홍대인,SSG,14,2,1,1,50.0,0,0,50.0
2025,112,박승욱,롯데,54,2,1,1,50.0,0,0,50.0
2025,112,박찬형,롯데,48,2,1,1,50.0,4,0,50.0
2025,112,신윤후,롯데,12,1,1,0,100.0,1,0,100.0
2025,112,이호준,롯데,99,1,1,0,100.0,1,0,100.0
2025,112,한승현,롯데,19,2,1,1,50.0,0,0,50.0
2025,112,리베라토,한화,62,1,1,0,100.0,3,0,100.0
2025,112,유로결,한화,20,1,1,0,100.0,0,2,100.0
2025,112,이도윤,한화,113,1,1,0,100.0,1,0,100.0
2025,112,이재원,한화,98,2,1,1,50.0,0,0,50.0
2026,1,박민우,NC,20,13,11,2,84.6,0,0,84.61538461538461
2026,2,류지혁,삼성,21,9,8,1,88.9,0,1,88.88888888888889
2026,2,박찬호,두산,22,8,8,0,100.0,0,0,100.0
2026,4,최정원,NC,19,8,7,1,87.5,0,0,87.5
2026,5,박해민,LG,21,6,5,1,83.3,3,0,83.33333333333334
2026,5,심우준,한화,18,5,5,0,100.0,0,0,100.0
2026,5,김주원,NC,21,5,5,0,100.0,1,1,100.0
2026,5,황성빈,롯데,16,6,5,1,83.3,0,0,83.33333333333334
2026,9,최원영,LG,15,5,4,1,80.0,0,0,80.0
2026,9,페라자,한화,21,4,4,0,100.0,1,0,100.0
2026,9,김지찬,삼성,21,4,4,0,100.0,0,0,100.0
2026,9,허윤,NC,12,4,4,0,100.0,0,0,100.0
2026,9,한태양,롯데,20,4,4,0,100.0,1,0,100.0
2026,9,정수빈,두산,22,4,4,0,100.0,0,0,100.0
2026,9,이주형,키움,20,4,4,0,100.0,0,0,100.0
2026,16,신민재,LG,21,4,3,1,75.0,0,1,75.0
2026,16,천성호,LG,20,3,3,0,100.0,1,0,100.0
2026,16,박성한,SSG,21,4,3,1,75.0,0,0,75.0
2026,16,최지훈,SSG,21,3,3,0,100.0,1,0,100.0
2026,16,김호령,KIA,22,5,3,2,60.0,0,1,60.0
2026,21,홍창기,LG,17,2,2,0,100.0,0,0,100.0
2026,21,오태곤,SSG,17,2,2,0,100.0,0,0,100.0
2026,21,정준재,SSG,19,2,2,0,100.0,0,0,100.0
2026,21,최정,SSG,21,2,2,0,100.0,0,0,100.0
2026,21,박건우,NC,21,3,2,1,66.7,0,0,66.66666666666666
2026,21,최원준,KT,21,5,2,3,40.0,0,0,40.0
2026,21,힐리어드,KT,22,2,2,0,100.0,1,0,100.0
2026,21,장두성,롯데,19,2,2,0,100.0,1,0,100.0
2026,21,박재현,KIA,19,2,2,0,100.0,0,0,100.0
2026,30,문성주,LG,21,2,1,1,50.0,1,0,50.0
2026,30,오지환,LG,20,2,1,1,50.0,2,0,50.0
2026,30,문현빈,한화,20,2,1,1,50.0,1,1,50.0
2026,30,이원석,한화,12,4,1,3,25.0,1,1,25.0
2026,30,채은성,한화,21,1,1,0,100.0,0,0,100.0
2026,30,황영묵,한화,7,2,1,1,50.0,0,0,50.0
2026,30,고명준,SSG,17,1,1,0,100.0,0,0,100.0
2026,30,김성욱,SSG,21,1,1,0,100.0,0,0,100.0
2026,30,안상현,SSG,14,2,1,1,50.0,1,0,50.0
2026,30,이지영,SSG,15,1,1,0,100.0,0,0,100.0
2026,30,채현우,SSG,16,1,1,0,100.0,0,0,100.0
2026,30,한유섬,SSG,19,1,1,0,100.0,2,0,100.0
2026,30,고준휘,NC,4,1,1,0,100.0,0,0,100.0
2026,30,김휘집,NC,16,3,1,2,33.3,2,0,33.33333333333333
2026,30,데이비슨,NC,20,1,1,0,100.0,0,0,100.0
2026,30,서호철,NC,21,1,1,0,100.0,1,0,100.0
2026,30,배정대,KT,15,2,1,1,50.0,0,0,50.0
2026,30,안현민,KT,14,1,1,0,100.0,1,0,100.0
2026,30,유준규,KT,4,1,1,0,100.0,0,0,100.0
2026,30,허경민,KT,7,1,1,0,100.0,0,0,100.0
2026,30,레이예스,롯데,21,1,1,0,100.0,1,0,100.0
2026,30,전민재,롯데,20,1,1,0,100.0,2,0,100.0
2026,30,한동희,롯데,17,1,1,0,100.0,1,0,100.0
2026,30,고종욱,KIA,8,1,1,0,100.0,0,0,100.0
2026,30,김규성,KIA,20,1,1,0,100.0,0,0,100.0
2026,30,김도영,KIA,22,1,1,0,100.0,0,0,100.0
2026,30,데일,KIA,21,1,1,0,100.0,0,0,100.0
2026,30,윤도현,KIA,5,1,1,0,100.0,0,0,100.0
2026,30,박지훈,두산,21,1,1,0,100.0,0,0,100.0
2026,30,안재석,두산,14,1,1,0,100.0,0,0,100.0
2026,30,조수행,두산,15,2,1,1,50.0,0,0,50.0
2026,30,카메론,두산,22,1,1,0,100.0,0,0,100.0
2026,30,브룩스,키움,21,1,1,0,100.0,3,0,100.0
2026,30,이형종,키움,18,1,1,0,100.0,0,0,100.0
2026,64,구본혁,LG,20,0,0,0,,0,0,
2026,64,문보경,LG,20,0,0,0,,0,0,
2026,64,박동원,LG,20,1,0,1,0.0,2,0,0.0
2026,64,송찬의,LG,4,0,0,0,,0,0,
2026,64,오스틴,LG,21,1,0,1,0.0,1,0,0.0
2026,64,이영빈,LG,10,0,0,0,,0,0,
2026,64,이재원,LG,12,0,0,0,,0,0,
2026,64,이주헌,LG,11,0,0,0,,0,0,
2026,64,강백호,한화,21,0,0,0,,1,0,
2026,64,김서현,한화,1,0,0,0,,0,0,
2026,64,김태연,한화,14,0,0,0,,0,0,
2026,64,노시환,한화,14,1,0,1,0.0,0,0,0.0
2026,64,박정현,한화,2,0,0,0,,0,0,
2026,64,오재원,한화,18,0,0,0,,0,0,
2026,64,이도윤,한화,15,0,0,0,,0,0,
2026,64,이진영,한화,4,0,0,0,,0,0,
2026,64,장규현,한화,1,0,0,0,,0,0,
2026,64,최유빈,한화,4,0,0,0,,0,0,
2026,64,최인호,한화,9,0,0,0,,0,0,
2026,64,최재훈,한화,16,0,0,0,,0,0,
2026,64,쿠싱,한화,1,0,0,0,,0,0,
2026,64,하주석,한화,19,0,0,0,,0,0,
2026,64,허인서,한화,15,0,0,0,,0,0,
2026,64,김민식,SSG,2,0,0,0,,0,0,
2026,64,김민준,SSG,2,0,0,0,,0,0,
2026,64,김재환,SSG,21,0,0,0,,0,0,
2026,64,석정우,SSG,3,0,0,0,,0,0,
2026,64,에레디아,SSG,21,1,0,1,0.0,1,0,0.0
2026,64,임근우,SSG,1,0,0,0,,0,0,
2026,64,전영준,SSG,1,0,0,0,,0,0,
2026,64,조형우,SSG,15,0,0,0,,0,0,
2026,64,최준우,SSG,3,0,0,0,,0,0,
2026,64,홍대인,SSG,9,0,0,0,,0,0,
2026,64,강민호,삼성,20,2,0,2,0.0,1,0,0.0
2026,64,구자욱,삼성,13,0,0,0,,0,0,
2026,64,김성윤,삼성,7,1,0,1,0.0,0,0,0.0
2026,64,김영웅,삼성,10,0,0,0,,1,0,
2026,64,김재상,삼성,2,0,0,0,,0,0,
2026,64,김재혁,삼성,4,0,0,0,,0,0,
2026,64,김태훈,삼성,2,0,0,0,,0,0,
2026,64,김헌곤,삼성,16,2,0,2,0.0,0,1,0.0
2026,64,디아즈,삼성,21,0,0,0,,1,0,
2026,64,박세혁,삼성,12,0,0,0,,0,0,
2026,64,박승규,삼성,10,0,0,0,,0,0,
2026,64,심재훈,삼성,2,0,0,0,,0,0,
2026,64,양우현,삼성,8,0,0,0,,0,0,
2026,64,윤정빈,삼성,1,0,0,0,,0,0,
2026,64,이성규,삼성,4,0,0,0,,0,0,
2026,64,이재현,삼성,18,0,0,0,,0,0,
2026,64,이해승,삼성,15,0,0,0,,0,0,
2026,64,전병우,삼성,15,0,0,0,,0,0,
2026,64,차승준,삼성,1,0,0,0,,0,0,
2026,64,최형우,삼성,21,0,0,0,,1,0,
2026,64,함수호,삼성,11,0,0,0,,0,0,
2026,64,홍현빈,삼성,9,0,0,0,,0,0,
2026,64,권희동,NC,2,0,0,0,,0,0,
2026,64,김정호,NC,7,0,0,0,,0,0,
2026,64,김한별,NC,5,0,0,0,,0,0,
2026,64,김형준,NC,20,0,0,0,,1,0,
2026,64,도태훈,NC,3,0,0,0,,0,0,
2026,64,신재인,NC,17,0,0,0,,0,0,
2026,64,안중열,NC,5,0,0,0,,0,0,
2026,64,오영수,NC,11,0,0,0,,0,0,
2026,64,오장한,NC,1,0,0,0,,0,0,
2026,64,오태양,NC,4,0,0,0,,0,0,
2026,64,이우성,NC,19,0,0,0,,2,0,
2026,64,천재환,NC,18,0,0,0,,0,0,
2026,64,한석현,NC,15,0,0,0,,0,0,
2026,64,한재환,NC,1,0,0,0,,0,0,
2026,64,강민성,KT,1,0,0,0,,0,0,
2026,64,강현우,KT,2,0,0,0,,0,0,
2026,64,권동진,KT,13,0,0,0,,0,0,
2026,64,김민석,KT,1,0,0,0,,0,0,
2026,64,김민수,KT,1,0,0,0,,0,0,
2026,64,김민혁,KT,3,0,0,0,,1,0,
2026,64,김상수,KT,20,1,0,1,0.0,0,0,0.0
2026,64,김현수,KT,22,1,0,1,0.0,0,0,0.0
2026,64,류현인,KT,15,0,0,0,,0,0,
2026,64,박영현,KT,2,0,0,0,,0,0,
2026,64,안치영,KT,4,0,0,0,,0,0,
2026,64,오윤석,KT,18,0,0,0,,1,0,
2026,64,우규민,KT,2,0,0,0,,0,0,
2026,64,이강민,KT,22,0,0,0,,0,0,
2026,64,이정훈,KT,11,0,0,0,,0,0,
2026,64,장성우,KT,22,0,0,0,,0,0,
2026,64,장준원,KT,7,0,0,0,,1,0,
2026,64,장진혁,KT,5,1,0,1,0.0,0,0,0.0
