연도,순위,선수명,팀명,AVG,G,PA,AB,R,H,2B,3B,HR,TB,RBI,SAC,SF,BB,IBB,HBP,SO,GDP,SLG,OBP,OPS,MH,RISP,PH-BA,ISO,BB_pct,K_pct,BABIP,XBH,GO,AO,GO/AO,GW RBI,BB/K,P/PA,ISOP,XR,GPA
2022,1,이정후,키움,0.349,142,627,553,85,193,36,10,23,318,113,0,3,66.0,12.0,5.0,32.0,10.0,0.575,0.421,0.996,58.0,0.387,0.333,0.2259999999999999,0.1052631578947368,0.0510366826156299,0.3393213572854291,69,154,177,0.87,15,2.06,3.69,0.226,120.2,0.333
2022,2,피렐라,삼성,0.342,141,630,561,102,192,33,4,28,317,109,0,2,55.0,12.0,12.0,81.0,19.0,0.565,0.411,0.976,57.0,0.375,0.0,0.2229999999999999,0.0873015873015873,0.1285714285714285,0.3612334801762114,65,149,141,1.06,12,0.68,3.45,0.223,114.4,0.326
2022,3,박건우,NC,0.336,111,463,408,52,137,18,1,10,187,61,0,3,44.0,1.0,8.0,62.0,10.0,0.458,0.408,0.866,40.0,0.317,0.0,0.122,0.0950323974082073,0.1339092872570194,0.3746312684365782,29,100,112,0.89,7,0.71,3.87,0.123,72.1,0.298
2022,4,이대호,롯데,0.331,142,591,540,53,179,23,0,23,271,101,0,6,43.0,7.0,2.0,56.0,26.0,0.502,0.379,0.881,53.0,0.318,0.2,0.1709999999999999,0.0727580372250423,0.0947546531302876,0.3340471092077088,46,150,161,0.93,9,0.77,3.58,0.17,90.5,0.296
2022,5,나성범,KIA,0.32,144,649,563,92,180,39,2,21,286,97,0,5,64.0,6.0,17.0,137.0,7.0,0.508,0.402,0.91,54.0,0.316,0.0,0.188,0.098613251155624,0.2110939907550077,0.3878048780487805,62,117,134,0.87,9,0.47,3.75,0.188,110.9,0.308
2022,6,김혜성,키움,0.318,129,566,516,81,164,18,7,4,208,48,0,3,47.0,3.0,0.0,83.0,9.0,0.403,0.373,0.776,43.0,0.295,0.0,0.085,0.0830388692579505,0.146643109540636,0.3703703703703703,29,165,107,1.54,5,0.57,3.87,0.085,78.5,0.269
2022,7,문보경,LG,0.315,126,466,406,52,128,22,3,9,183,56,5,7,47.0,1.0,1.0,56.0,11.0,0.451,0.382,0.833,35.0,0.287,0.25,0.136,0.1008583690987124,0.1201716738197424,0.3419540229885057,34,124,105,1.18,7,0.84,3.73,0.135,69.7,0.285
2022,8,소크라테스,KIA,0.311,127,554,514,83,160,29,7,17,254,77,0,4,34.0,4.0,2.0,81.0,11.0,0.494,0.354,0.848,47.0,0.296,0.0,0.183,0.0613718411552346,0.1462093862815884,0.3404761904761905,53,125,152,0.82,8,0.42,3.65,0.183,82.8,0.283
2022,9,페르난데스,두산,0.309,139,550,508,52,157,28,0,6,203,77,0,5,35.0,0.0,2.0,45.0,34.0,0.4,0.353,0.753,43.0,0.343,0.5,0.091,0.0636363636363636,0.0818181818181818,0.3268398268398268,34,194,117,1.66,4,0.78,3.78,0.091,60.2,0.259
2022,10,조용호,KT,0.308,131,531,474,52,146,18,4,3,181,44,2,3,49.0,3.0,3.0,74.0,3.0,0.382,0.374,0.756,39.0,0.293,0.2,0.074,0.0922787193973634,0.1393596986817326,0.3575,25,134,123,1.09,9,0.66,3.97,0.074,68.9,0.264
2022,11,한동희,롯데,0.307,129,499,456,43,140,27,0,14,209,65,0,4,33.0,2.0,6.0,64.0,15.0,0.458,0.359,0.817,41.0,0.278,0.444,0.151,0.0661322645290581,0.1282565130260521,0.3298429319371728,41,154,102,1.51,4,0.52,3.52,0.151,69.2,0.276
2022,12,전준우,롯데,0.304,120,517,470,73,143,31,1,11,209,68,0,9,35.0,1.0,3.0,73.0,14.0,0.445,0.35,0.795,45.0,0.285,0.25,0.141,0.0676982591876208,0.1411992263056092,0.3341772151898734,43,146,117,1.25,7,0.48,3.57,0.14,70.3,0.269
2022,13,최지훈,SSG,0.304,144,640,569,93,173,32,4,10,243,61,13,4,47.0,0.0,7.0,77.0,7.0,0.427,0.362,0.789,43.0,0.362,1.0,0.123,0.0734375,0.1203125,0.3353909465020576,46,151,172,0.88,9,0.61,3.63,0.123,90.0,0.27
2022,14,박성한,SSG,0.298,140,564,494,68,147,24,4,2,185,56,6,2,60.0,1.0,2.0,81.0,5.0,0.374,0.375,0.749,35.0,0.31,0.0,0.076,0.1063829787234042,0.1436170212765957,0.3510895883777239,30,156,112,1.39,7,0.74,3.99,0.077,70.7,0.262
2022,15,마티니,NC,0.296,139,576,510,67,151,34,1,16,235,85,0,7,51.0,5.0,8.0,86.0,8.0,0.461,0.365,0.826,42.0,0.306,1.0,0.165,0.0885416666666666,0.1493055555555555,0.3253012048192771,51,123,157,0.78,6,0.59,3.81,0.165,85.7,0.28
2022,16,채은성,LG,0.296,126,526,467,48,138,26,2,12,204,83,0,11,27.0,3.0,21.0,88.0,16.0,0.437,0.354,0.791,31.0,0.279,0.0,0.141,0.0513307984790874,0.1673003802281368,0.3333333333333333,40,115,137,0.84,11,0.31,3.71,0.141,69.8,0.269
2022,17,박해민,LG,0.289,144,636,570,97,165,20,8,3,210,49,7,6,44.0,0.0,9.0,85.0,4.0,0.368,0.347,0.715,42.0,0.333,0.0,0.079,0.0691823899371069,0.1336477987421383,0.3319672131147541,31,158,168,0.94,9,0.52,4.01,0.079,78.4,0.248
2022,18,허경민,두산,0.289,121,493,432,59,125,23,0,8,172,60,2,7,36.0,3.0,16.0,40.0,12.0,0.398,0.36,0.758,33.0,0.317,0.0,0.109,0.0730223123732251,0.0811359026369168,0.29923273657289,31,141,133,1.06,8,0.9,3.83,0.109,63.6,0.262
2022,19,터크먼,한화,0.289,144,648,575,88,166,37,4,12,247,43,0,2,64.0,5.0,7.0,104.0,12.0,0.43,0.366,0.796,47.0,0.216,0.0,0.141,0.0987654320987654,0.1604938271604938,0.334056399132321,53,150,157,0.96,2,0.62,4.0,0.141,86.8,0.272
2022,20,김선빈,KIA,0.287,140,587,505,51,145,23,0,3,177,61,7,3,65.0,0.0,6.0,47.0,14.0,0.35,0.373,0.723,40.0,0.265,0.333,0.063,0.110732538330494,0.080068143100511,0.3100436681222707,26,182,134,1.36,6,1.38,3.96,0.063,69.7,0.255
2022,21,김현수,LG,0.286,141,604,524,78,150,25,2,23,248,106,0,3,71.0,7.0,5.0,62.0,5.0,0.473,0.375,0.848,43.0,0.275,0.0,0.187,0.1175496688741721,0.1026490066225165,0.2873303167420814,50,145,170,0.85,17,1.15,3.76,0.187,93.6,0.287
2022,22,홍창기,LG,0.286,118,525,437,76,125,19,4,1,155,51,5,5,59.0,0.0,19.0,75.0,11.0,0.355,0.39,0.745,34.0,0.385,0.0,0.069,0.1123809523809523,0.1428571428571428,0.3387978142076502,24,154,88,1.75,8,0.79,4.1,0.069,66.7,0.264
2022,23,안치홍,롯데,0.284,132,562,493,71,140,27,3,14,215,58,8,5,51.0,4.0,5.0,52.0,13.0,0.436,0.354,0.79,38.0,0.222,0.333,0.152,0.090747330960854,0.092526690391459,0.2916666666666667,44,152,154,0.99,7,0.98,3.85,0.152,75.2,0.268
2022,24,양의지,NC,0.283,130,510,427,61,121,24,0,20,205,94,0,10,60.0,6.0,13.0,48.0,16.0,0.48,0.38,0.86,28.0,0.35,0.667,0.197,0.1176470588235294,0.0941176470588235,0.2737127371273712,44,105,163,0.64,12,1.25,3.63,0.197,78.9,0.291
2022,25,노시환,한화,0.281,115,490,434,55,122,24,1,6,166,59,0,4,48.0,1.0,4.0,95.0,13.0,0.382,0.355,0.737,33.0,0.322,1.0,0.1009999999999999,0.0979591836734693,0.1938775510204081,0.344213649851632,31,119,102,1.17,5,0.51,3.91,0.101,58.3,0.255
2022,26,노진혁,NC,0.28,115,451,396,50,111,24,0,15,180,75,3,5,45.0,3.0,2.0,105.0,11.0,0.455,0.353,0.808,26.0,0.295,0.0,0.175,0.0997782705099778,0.2328159645232816,0.3416370106761566,39,88,97,0.91,8,0.43,3.93,0.174,62.4,0.273
2022,27,손아섭,NC,0.277,138,617,548,72,152,29,4,4,201,48,1,6,59.0,2.0,3.0,76.0,9.0,0.367,0.347,0.714,45.0,0.3,0.0,0.0899999999999999,0.0956239870340356,0.1231766612641815,0.3122362869198312,37,198,128,1.55,4,0.78,3.9,0.089,72.2,0.248
2022,28,푸이그,키움,0.277,126,547,473,65,131,30,0,21,224,73,0,4,58.0,1.0,12.0,100.0,6.0,0.474,0.367,0.841,37.0,0.268,0.0,0.1969999999999999,0.1060329067641681,0.1828153564899451,0.3089887640449438,51,88,158,0.56,8,0.58,3.83,0.197,83.4,0.284
2022,29,박병호,KT,0.275,124,487,429,72,118,17,0,35,240,98,0,6,40.0,3.0,12.0,131.0,7.0,0.559,0.349,0.908,24.0,0.259,0.429,0.284,0.082135523613963,0.2689938398357289,0.3085501858736059,52,75,111,0.68,11,0.31,3.93,0.284,83.6,0.297
2022,30,류지혁,KIA,0.274,127,477,405,55,111,19,2,2,140,48,8,2,56.0,0.0,6.0,83.0,6.0,0.346,0.369,0.715,28.0,0.305,0.286,0.0719999999999999,0.1174004192872117,0.1740041928721174,0.3385093167701863,23,130,83,1.57,8,0.67,3.93,0.072,55.6,0.253
2022,31,정은원,한화,0.274,140,601,508,67,139,20,2,8,187,49,4,3,85.0,0.0,1.0,109.0,10.0,0.368,0.377,0.745,37.0,0.254,0.333,0.0939999999999999,0.1414309484193011,0.1813643926788685,0.33248730964467,30,138,125,1.1,4,0.78,4.33,0.094,75.1,0.262
2022,32,박찬호,KIA,0.272,130,566,493,81,134,22,0,4,168,45,8,7,57.0,0.0,1.0,67.0,9.0,0.341,0.344,0.685,34.0,0.277,0.0,0.069,0.1007067137809187,0.1183745583038869,0.303030303030303,26,160,139,1.15,8,0.85,4.0,0.069,67.1,0.24
2022,33,오지환,LG,0.269,142,569,494,75,133,16,4,25,232,87,3,3,62.0,2.0,7.0,107.0,11.0,0.47,0.357,0.827,35.0,0.32,1.0,0.2009999999999999,0.1089630931458699,0.18804920913884,0.2958904109589041,45,135,122,1.11,11,0.58,4.07,0.2,84.1,0.278
2022,34,오재일,삼성,0.268,135,536,470,57,126,42,0,21,231,94,0,7,57.0,8.0,2.0,133.0,7.0,0.491,0.345,0.836,31.0,0.304,0.333,0.2229999999999999,0.1063432835820895,0.2481343283582089,0.3250773993808049,63,88,130,0.68,5,0.43,4.01,0.223,79.3,0.278
2022,35,이지영,키움,0.267,137,450,420,38,112,13,4,2,139,37,8,0,20.0,2.0,2.0,44.0,16.0,0.331,0.303,0.634,26.0,0.262,0.364,0.064,0.0444444444444444,0.0977777777777777,0.2941176470588235,19,158,106,1.49,6,0.45,3.37,0.064,36.4,0.219
2022,35,박민우,NC,0.267,104,451,390,61,104,22,1,4,140,38,6,3,42.0,5.0,10.0,55.0,7.0,0.359,0.351,0.71,28.0,0.264,0.0,0.0919999999999999,0.0931263858093126,0.1219512195121951,0.2994011976047904,27,123,111,1.11,4,0.76,3.92,0.092,53.5,0.248
2022,37,배정대,KT,0.266,144,575,508,64,135,24,2,6,181,56,5,4,54.0,0.0,4.0,126.0,2.0,0.356,0.339,0.695,34.0,0.281,0.333,0.0899999999999999,0.0939130434782608,0.2191304347826086,0.3394736842105263,32,117,134,0.87,9,0.43,4.12,0.091,67.7,0.242
2022,38,최정,SSG,0.266,121,505,414,80,110,21,0,26,209,87,0,6,66.0,3.0,19.0,96.0,6.0,0.505,0.386,0.891,27.0,0.292,0.5,0.239,0.1306930693069307,0.1900990099009901,0.2818791946308724,47,72,142,0.51,9,0.69,3.92,0.239,85.1,0.3
2022,39,최형우,KIA,0.264,132,530,454,55,120,27,1,14,191,71,0,2,73.0,5.0,1.0,92.0,9.0,0.421,0.366,0.787,33.0,0.282,0.286,0.1569999999999999,0.1377358490566037,0.1735849056603773,0.3028571428571429,42,114,130,0.88,6,0.79,4.22,0.156,71.1,0.27
2022,40,한유섬,SSG,0.264,135,545,458,62,121,33,1,21,219,100,0,5,66.0,6.0,16.0,137.0,8.0,0.478,0.372,0.85,31.0,0.284,0.111,0.2139999999999999,0.1211009174311926,0.2513761467889908,0.3278688524590163,55,114,91,1.25,15,0.48,4.02,0.214,82.7,0.287
2022,41,강승호,두산,0.264,134,487,444,54,117,28,1,10,177,62,6,5,29.0,0.0,3.0,100.0,8.0,0.399,0.31,0.709,34.0,0.299,0.25,0.135,0.0595482546201232,0.2053388090349076,0.3156342182890855,39,98,134,0.73,11,0.29,3.45,0.135,55.1,0.239
2022,42,황재균,KT,0.262,141,581,519,59,136,25,3,10,197,64,2,2,53.0,5.0,5.0,99.0,17.0,0.38,0.335,0.715,36.0,0.303,0.0,0.118,0.0912220309810671,0.1703958691910499,0.3058252427184466,38,132,154,0.86,4,0.54,3.82,0.118,63.2,0.246
2022,43,정수빈,두산,0.259,127,455,405,58,105,12,4,3,134,41,6,4,39.0,1.0,1.0,56.0,2.0,0.331,0.323,0.654,29.0,0.237,0.0,0.072,0.0857142857142857,0.123076923076923,0.2914285714285714,19,153,95,1.61,3,0.7,3.81,0.072,47.3,0.228
2022,44,추신수,SSG,0.259,112,499,409,77,106,20,1,16,176,58,2,4,71.0,1.0,13.0,100.0,6.0,0.43,0.382,0.812,29.0,0.299,0.25,0.1709999999999999,0.1422845691382765,0.2004008016032064,0.303030303030303,37,101,106,0.95,5,0.71,4.09,0.171,73.8,0.279
2022,45,하주석,한화,0.258,125,483,445,50,115,18,2,5,152,58,1,3,31.0,1.0,3.0,126.0,4.0,0.342,0.309,0.651,29.0,0.255,0.75,0.084,0.0641821946169772,0.2608695652173913,0.3470031545741325,25,134,73,1.84,9,0.25,3.83,0.083,49.4,0.225
2022,46,황대인,KIA,0.256,129,524,476,40,122,27,0,14,191,91,0,5,36.0,2.0,7.0,92.0,20.0,0.401,0.315,0.716,34.0,0.296,0.0,0.145,0.0687022900763358,0.1755725190839694,0.288,41,121,146,0.83,8,0.39,3.53,0.145,56.4,0.242
2022,47,유강남,LG,0.255,139,469,416,54,106,16,0,8,146,47,6,2,34.0,1.0,11.0,98.0,9.0,0.351,0.326,0.677,27.0,0.255,0.385,0.0959999999999999,0.0724946695095948,0.208955223880597,0.3141025641025641,24,102,112,0.91,4,0.35,3.93,0.096,48.2,0.234
2022,48,김재환,두산,0.248,128,517,448,64,111,24,1,23,206,72,0,4,61.0,4.0,4.0,133.0,5.0,0.46,0.34,0.8,22.0,0.271,0.333,0.212,0.1179883945841392,0.2572533849129594,0.2972972972972973,48,98,110,0.89,4,0.46,3.93,0.212,73.0,0.268
2022,49,송성문,키움,0.247,142,601,547,67,135,21,4,13,203,79,1,7,45.0,6.0,1.0,65.0,8.0,0.371,0.302,0.673,31.0,0.269,0.0,0.124,0.0748752079866888,0.108153078202995,0.2563025210084033,38,156,198,0.79,11,0.69,3.57,0.124,63.4,0.229
2022,50,양석환,두산,0.244,107,446,405,58,99,14,1,20,175,51,0,2,32.0,3.0,7.0,101.0,3.0,0.432,0.309,0.741,23.0,0.245,0.0,0.188,0.0717488789237668,0.226457399103139,0.2762237762237762,35,67,140,0.48,5,0.32,3.85,0.188,56.4,0.247
2022,51,박동원,KIA,0.242,123,447,385,52,93,21,0,18,168,57,7,1,45.0,4.0,9.0,95.0,9.0,0.436,0.334,0.77,21.0,0.234,0.077,0.194,0.1006711409395973,0.2125279642058165,0.2747252747252747,39,104,94,1.11,6,0.47,4.1,0.195,56.5,0.259
2022,52,김태연,한화,0.24,119,464,404,46,97,18,0,7,136,53,3,4,48.0,1.0,5.0,106.0,9.0,0.337,0.325,0.662,25.0,0.239,0.0,0.097,0.1034482758620689,0.2284482758620689,0.3050847457627119,25,102,103,0.99,3,0.45,4.11,0.097,46.7,0.231
2022,53,심우준,KT,0.24,132,449,388,69,93,8,2,4,117,34,11,4,43.0,0.0,2.0,75.0,11.0,0.302,0.316,0.618,23.0,0.175,0.333,0.062,0.0957683741648107,0.1670378619153674,0.2843450479233226,14,104,120,0.87,4,0.57,4.31,0.062,42.6,0.218
2023,1,손아섭,NC,0.339,140,609,551,97,187,36,3,5,244,65,1,5,50.0,2.0,2.0,67.0,10.0,0.443,0.393,0.836,54.0,0.339,0.333,0.1039999999999999,0.0821018062397372,0.1100164203612479,0.3760330578512397,44,181,121,1.5,5,0.75,3.74,0.103,91.7,0.288
2023,2,구자욱,삼성,0.336,119,515,453,65,152,37,1,11,224,71,2,3,53.0,2.0,4.0,81.0,5.0,0.494,0.407,0.901,50.0,0.395,0.0,0.1579999999999999,0.1029126213592233,0.1572815533980582,0.3873626373626374,49,97,126,0.77,8,0.65,4.04,0.159,86.7,0.307
2023,3,김혜성,키움,0.335,137,621,556,104,186,29,6,7,248,57,0,5,57.0,3.0,3.0,77.0,6.0,0.446,0.396,0.842,50.0,0.314,0.0,0.1109999999999999,0.0917874396135265,0.1239935587761674,0.3752620545073375,42,135,163,0.83,7,0.74,3.77,0.112,98.6,0.29
2023,4,홍창기,LG,0.332,141,643,524,109,174,35,2,1,216,65,3,6,88.0,3.0,22.0,83.0,6.0,0.412,0.444,0.856,58.0,0.361,0.5,0.0799999999999999,0.1368584758942457,0.1290824261275272,0.3878923766816143,38,158,115,1.37,5,1.06,4.14,0.08,98.6,0.303
2023,5,에레디아,SSG,0.323,122,523,473,76,153,29,0,12,218,76,1,1,39.0,4.0,9.0,75.0,13.0,0.461,0.385,0.846,43.0,0.338,0.0,0.138,0.0745697896749522,0.1434034416826003,0.3643410852713178,41,117,129,0.91,12,0.52,3.6,0.137,75.9,0.289
2023,6,김선빈,KIA,0.32,119,473,419,41,134,16,0,0,150,48,8,3,38.0,0.0,5.0,26.0,10.0,0.358,0.381,0.739,36.0,0.333,0.0,0.0379999999999999,0.080338266384778,0.054968287526427,0.3383838383838384,16,158,104,1.52,8,1.46,3.72,0.038,57.2,0.261
2023,7,박건우,NC,0.319,130,533,458,70,146,34,2,12,220,85,1,9,56.0,0.0,9.0,71.0,14.0,0.48,0.397,0.877,49.0,0.304,0.0,0.1609999999999999,0.1050656660412758,0.1332082551594746,0.3489583333333333,48,103,147,0.7,10,0.79,3.78,0.162,84.1,0.299
2023,8,박민우,NC,0.316,124,509,452,76,143,20,7,2,183,46,5,3,40.0,3.0,9.0,57.0,13.0,0.405,0.381,0.786,39.0,0.309,0.0,0.089,0.0785854616895874,0.111984282907662,0.3560606060606061,29,140,115,1.22,6,0.7,3.77,0.088,68.6,0.273
2023,9,오스틴,LG,0.313,139,583,520,87,163,29,4,23,269,95,0,7,53.0,2.0,3.0,75.0,11.0,0.517,0.376,0.893,43.0,0.299,0.5,0.204,0.0909090909090909,0.1286449399656946,0.3263403263403263,56,107,182,0.59,15,0.71,3.78,0.204,96.6,0.298
2023,10,전준우,롯데,0.312,138,559,493,80,154,21,3,17,232,77,0,7,52.0,4.0,7.0,65.0,12.0,0.471,0.381,0.852,45.0,0.29,0.3,0.1589999999999999,0.0930232558139534,0.1162790697674418,0.3277511961722488,41,127,154,0.82,10,0.8,3.77,0.158,87.0,0.289
2023,11,양의지,두산,0.305,129,510,439,56,134,23,0,17,208,68,0,3,57.0,8.0,11.0,56.0,20.0,0.474,0.396,0.87,31.0,0.315,0.667,0.1689999999999999,0.1117647058823529,0.1098039215686274,0.3170731707317073,40,87,165,0.53,6,1.02,3.73,0.169,77.7,0.297
2023,12,최형우,KIA,0.302,121,508,431,64,130,27,1,17,210,81,0,4,65.0,1.0,8.0,83.0,5.0,0.487,0.4,0.887,35.0,0.317,0.667,0.185,0.1279527559055118,0.1633858267716535,0.3373134328358209,45,85,137,0.62,14,0.78,4.02,0.186,84.1,0.302
2023,13,박찬호,KIA,0.301,130,507,452,73,136,18,4,3,171,52,7,6,40.0,0.0,2.0,56.0,13.0,0.378,0.356,0.734,42.0,0.355,0.0,0.077,0.0788954635108481,0.1104536489151873,0.3333333333333333,25,129,137,0.94,4,0.71,3.97,0.077,62.9,0.255
2023,14,문보경,LG,0.301,131,542,469,77,141,29,5,10,210,72,9,4,58.0,2.0,2.0,83.0,5.0,0.448,0.377,0.825,39.0,0.281,0.25,0.147,0.1070110701107011,0.1531365313653136,0.3447368421052632,44,125,124,1.01,11,0.7,3.87,0.147,78.1,0.282
2023,15,노시환,한화,0.298,131,595,514,85,153,30,1,31,278,101,0,3,74.0,5.0,4.0,118.0,13.0,0.541,0.388,0.929,47.0,0.299,0.0,0.243,0.1243697478991596,0.1983193277310924,0.3315217391304347,62,120,126,0.95,13,0.63,4.16,0.243,101.8,0.31
2023,16,최정,SSG,0.297,128,552,471,94,140,31,0,29,258,87,1,6,59.0,6.0,15.0,87.0,12.0,0.548,0.388,0.936,39.0,0.264,0.0,0.251,0.1068840579710145,0.1576086956521739,0.3074792243767313,60,84,166,0.51,13,0.68,3.88,0.251,96.3,0.312
2023,17,김민혁,KT,0.297,113,448,397,68,118,20,3,3,153,41,7,5,36.0,0.0,3.0,48.0,4.0,0.385,0.356,0.741,33.0,0.284,0.286,0.088,0.0803571428571428,0.1071428571428571,0.3276353276353276,26,136,100,1.36,8,0.75,3.63,0.088,57.0,0.256
2023,18,황재균,KT,0.295,109,457,407,62,120,26,2,6,168,49,3,1,45.0,1.0,1.0,64.0,15.0,0.413,0.366,0.779,35.0,0.314,0.0,0.118,0.0984682713347921,0.1400437636761488,0.3372781065088757,34,96,128,0.75,7,0.7,3.86,0.118,56.2,0.268
2023,19,문성주,LG,0.294,136,534,449,77,132,21,4,2,167,57,6,4,67.0,0.0,8.0,34.0,10.0,0.372,0.392,0.764,31.0,0.297,0.375,0.078,0.1254681647940075,0.0636704119850187,0.3117505995203837,27,168,119,1.41,5,1.97,3.79,0.078,69.2,0.269
2023,20,김현수,LG,0.293,133,556,488,53,143,22,2,6,187,88,1,8,58.0,4.0,1.0,53.0,10.0,0.383,0.364,0.747,43.0,0.348,0.25,0.09,0.1043165467625899,0.0953237410071942,0.3135011441647597,30,148,152,0.97,10,1.09,3.85,0.09,70.6,0.26
2023,21,안치홍,롯데,0.292,121,494,425,57,124,20,1,8,170,63,5,5,49.0,3.0,10.0,53.0,14.0,0.4,0.374,0.774,36.0,0.355,0.167,0.108,0.0991902834008097,0.1072874493927125,0.3143631436314363,29,113,140,0.81,6,0.92,3.95,0.108,63.2,0.268
2023,22,강민호,삼성,0.29,125,495,434,60,126,19,0,16,193,77,1,5,49.0,4.0,6.0,65.0,17.0,0.445,0.366,0.811,32.0,0.301,0.0,0.155,0.0989898989898989,0.1313131313131313,0.3072625698324022,35,128,120,1.07,8,0.75,3.64,0.154,68.7,0.276
2023,23,알포드,KT,0.289,133,547,491,83,142,31,3,15,224,70,0,3,47.0,1.0,6.0,140.0,6.0,0.456,0.356,0.812,43.0,0.303,0.667,0.167,0.0859232175502742,0.2559414990859232,0.3746312684365782,49,77,135,0.57,11,0.34,4.02,0.167,79.6,0.274
2023,24,장성우,KT,0.288,131,464,410,37,118,22,0,11,173,65,3,7,42.0,1.0,2.0,70.0,12.0,0.422,0.351,0.773,36.0,0.267,0.25,0.134,0.0905172413793103,0.1508620689655172,0.3184523809523809,33,91,138,0.66,4,0.6,3.85,0.134,60.3,0.263
2023,25,정수빈,두산,0.287,137,583,498,75,143,14,11,2,185,33,12,2,64.0,1.0,7.0,63.0,2.0,0.371,0.375,0.746,42.0,0.253,0.5,0.084,0.1097770154373928,0.1080617495711835,0.3241379310344827,27,179,115,1.56,4,1.02,4.21,0.084,78.9,0.262
2023,26,피렐라,삼성,0.285,139,605,557,66,159,28,1,16,237,80,0,2,42.0,5.0,4.0,69.0,20.0,0.425,0.339,0.764,43.0,0.253,0.0,0.14,0.0694214876033057,0.1140495867768595,0.3016877637130801,45,164,167,0.98,8,0.61,3.61,0.14,73.2,0.259
2023,27,소크라테스,KIA,0.285,142,608,547,91,156,31,3,20,253,96,0,8,52.0,4.0,1.0,80.0,13.0,0.463,0.344,0.807,41.0,0.303,0.0,0.178,0.0855263157894736,0.131578947368421,0.2989010989010989,54,136,183,0.74,6,0.65,3.58,0.177,86.0,0.271
2023,28,박해민,LG,0.285,144,558,485,80,138,14,2,6,174,59,24,1,45.0,0.0,3.0,74.0,7.0,0.359,0.348,0.707,33.0,0.313,0.5,0.074,0.0806451612903225,0.1326164874551971,0.3251231527093596,22,124,150,0.83,3,0.61,3.9,0.074,62.9,0.246
2023,29,박병호,KT,0.283,132,493,431,53,122,15,0,18,191,87,0,8,46.0,2.0,8.0,114.0,9.0,0.443,0.357,0.8,31.0,0.34,0.25,0.16,0.0933062880324543,0.2312373225152129,0.3387622149837133,33,96,107,0.9,14,0.4,3.85,0.16,70.7,0.271
2023,30,마틴,NC,0.283,118,503,435,55,123,20,2,17,198,90,0,10,57.0,2.0,1.0,107.0,8.0,0.455,0.36,0.815,33.0,0.317,0.0,0.172,0.1133200795228628,0.2127236580516898,0.3302180685358255,39,85,130,0.65,10,0.53,4.1,0.172,76.0,0.276
2023,31,양석환,두산,0.281,140,582,524,73,147,28,0,21,238,89,0,11,41.0,3.0,6.0,133.0,9.0,0.454,0.333,0.787,40.0,0.261,0.0,0.173,0.070446735395189,0.2285223367697594,0.3307086614173228,49,86,169,0.51,14,0.31,3.98,0.174,81.6,0.263
2023,32,김현준,삼성,0.275,109,479,433,62,119,10,6,3,150,46,8,3,30.0,0.0,5.0,84.0,5.0,0.346,0.327,0.673,28.0,0.288,0.0,0.0709999999999999,0.0626304801670146,0.1753653444676409,0.332378223495702,19,145,88,1.65,5,0.36,3.9,0.072,49.6,0.234
2023,33,김상수,KT,0.271,129,512,443,58,120,19,1,3,150,56,8,3,55.0,0.0,3.0,68.0,9.0,0.339,0.353,0.692,30.0,0.336,0.5,0.068,0.107421875,0.1328125,0.312,23,128,130,0.98,6,0.81,4.2,0.068,54.7,0.244
2023,34,최지훈,SSG,0.268,117,503,462,65,124,19,8,2,165,30,8,1,29.0,0.0,3.0,50.0,3.0,0.357,0.315,0.672,31.0,0.223,0.0,0.0889999999999999,0.0576540755467196,0.099403578528827,0.2968369829683698,29,124,165,0.75,4,0.58,3.65,0.089,55.2,0.231
2023,35,류지혁,삼성,0.268,132,522,455,63,122,11,1,2,141,45,10,5,46.0,1.0,6.0,73.0,12.0,0.31,0.34,0.65,35.0,0.271,0.167,0.0419999999999999,0.0881226053639846,0.1398467432950191,0.3116883116883117,14,161,104,1.55,1,0.63,3.8,0.042,54.7,0.231
2023,36,허경민,두산,0.268,130,475,429,44,115,23,1,7,161,48,0,5,35.0,3.0,6.0,26.0,6.0,0.375,0.328,0.703,26.0,0.224,0.667,0.1069999999999999,0.0736842105263157,0.0547368421052631,0.2693266832917705,31,129,164,0.79,6,1.35,3.73,0.107,55.2,0.241
2023,37,오지환,LG,0.268,126,502,422,65,113,24,3,8,167,62,4,4,64.0,0.0,8.0,82.0,4.0,0.396,0.371,0.767,25.0,0.298,0.333,0.128,0.1274900398406374,0.1633466135458167,0.3125,35,108,123,0.88,11,0.78,4.03,0.128,67.7,0.266
2023,38,문현빈,한화,0.266,137,481,428,47,114,22,2,5,155,49,9,5,33.0,2.0,6.0,84.0,7.0,0.362,0.324,0.686,31.0,0.252,0.25,0.0959999999999999,0.0686070686070686,0.1746361746361746,0.3168604651162791,29,122,113,1.08,4,0.39,3.56,0.096,52.0,0.236
2023,39,박성한,SSG,0.266,128,529,459,53,122,19,0,9,168,47,7,4,58.0,1.0,1.0,56.0,7.0,0.366,0.347,0.713,30.0,0.254,0.0,0.0999999999999999,0.109640831758034,0.10586011342155,0.2839195979899497,28,140,145,0.97,7,1.04,4.02,0.1,62.4,0.248
2023,40,강승호,두산,0.265,127,459,419,51,111,18,6,7,162,59,4,3,27.0,0.0,6.0,110.0,12.0,0.387,0.316,0.703,24.0,0.273,0.167,0.122,0.0588235294117647,0.2396514161220043,0.340983606557377,31,108,93,1.16,5,0.25,3.94,0.122,49.2,0.239
2023,41,채은성,한화,0.263,137,596,521,71,137,17,0,23,223,84,0,3,52.0,8.0,20.0,102.0,16.0,0.428,0.351,0.779,39.0,0.311,0.0,0.1649999999999999,0.087248322147651,0.1711409395973154,0.2857142857142857,40,118,167,0.71,10,0.51,3.81,0.165,77.4,0.265
2023,42,김민석,롯데,0.255,129,454,400,53,102,24,0,3,135,39,12,5,31.0,1.0,6.0,112.0,6.0,0.338,0.314,0.652,25.0,0.274,0.0,0.083,0.0682819383259911,0.2466960352422907,0.3413793103448276,27,99,92,1.08,2,0.28,3.97,0.083,45.9,0.226
2023,43,추신수,SSG,0.254,112,462,382,65,97,17,1,12,152,41,0,2,65.0,1.0,13.0,79.0,8.0,0.398,0.379,0.777,24.0,0.26,0.3,0.144,0.1406926406926407,0.170995670995671,0.2901023890784983,30,105,103,1.02,3,0.82,3.94,0.144,61.8,0.27
2023,44,로하스,두산,0.253,122,464,403,52,102,24,4,19,191,65,0,3,55.0,2.0,3.0,68.0,5.0,0.474,0.345,0.819,28.0,0.255,0.0,0.2209999999999999,0.1185344827586206,0.146551724137931,0.2601880877742947,47,71,165,0.43,6,0.81,4.11,0.221,67.1,0.274
2023,45,박동원,LG,0.249,130,481,409,54,102,17,1,20,181,75,8,8,49.0,3.0,7.0,90.0,7.0,0.443,0.334,0.777,27.0,0.212,0.333,0.194,0.1018711018711018,0.1871101871101871,0.2671009771986971,38,118,107,1.1,8,0.54,3.83,0.193,64.9,0.261
2023,46,이재현,삼성,0.249,143,538,458,61,114,19,2,12,173,60,16,6,52.0,0.0,6.0,89.0,9.0,0.378,0.33,0.708,24.0,0.24,0.0,0.129,0.0966542750929368,0.1654275092936803,0.2809917355371901,33,116,145,0.8,9,0.58,4.01,0.129,60.7,0.243
2023,47,최주환,SSG,0.235,134,478,426,48,100,24,0,20,184,63,1,3,44.0,4.0,4.0,94.0,6.0,0.432,0.31,0.742,22.0,0.212,0.286,0.197,0.0920502092050209,0.1966527196652719,0.2539682539682539,44,88,147,0.6,7,0.47,4.26,0.197,58.9,0.248
2023,48,김주원,NC,0.233,127,474,403,56,94,9,2,10,137,54,8,4,44.0,1.0,15.0,106.0,6.0,0.34,0.328,0.668,21.0,0.267,0.0,0.107,0.0928270042194092,0.2236286919831223,0.2886597938144329,21,90,117,0.77,6,0.42,4.11,0.107,52.1,0.233
2023,49,정은원,한화,0.222,122,459,388,50,86,12,0,2,104,30,5,1,62.0,1.0,3.0,73.0,4.0,0.268,0.333,0.601,16.0,0.214,0.0,0.046,0.1350762527233115,0.1590413943355119,0.267515923566879,14,111,119,0.93,1,0.85,4.26,0.046,41.0,0.217
2023,50,김재환,두산,0.22,132,484,405,40,89,15,0,10,134,46,0,2,72.0,4.0,5.0,100.0,8.0,0.331,0.343,0.674,21.0,0.264,0.214,0.111,0.1487603305785124,0.2066115702479339,0.265993265993266,25,96,122,0.79,7,0.72,4.02,0.111,51.8,0.237
2024,1,에레디아,SSG,0.36,136,591,541,82,195,31,1,21,291,118,0,9,28.0,3.0,13.0,73.0,12.0,0.538,0.399,0.937,59.0,0.428,0.0,0.178,0.0473773265651438,0.1235194585448392,0.3815789473684211,53,128,154,0.83,13,0.38,3.46,0.177,105.2,0.314
2024,2,레이예스,롯데,0.352,144,632,574,88,202,40,3,15,293,111,0,11,46.0,2.0,1.0,82.0,16.0,0.51,0.394,0.904,61.0,0.395,0.0,0.158,0.0727848101265822,0.1297468354430379,0.3831967213114754,58,168,133,1.26,13,0.56,3.87,0.159,106.2,0.305
2024,3,김도영,KIA,0.347,141,625,544,143,189,29,10,38,352,109,1,7,66.0,7.0,7.0,110.0,10.0,0.647,0.42,1.067,58.0,0.317,0.5,0.3,0.1056,0.176,0.3746898263027295,77,101,151,0.67,15,0.6,3.81,0.3,138.2,0.351
2024,4,구자욱,삼성,0.343,129,568,493,92,169,39,1,33,309,115,2,6,55.0,4.0,12.0,73.0,6.0,0.627,0.417,1.044,52.0,0.341,0.0,0.284,0.0968309859154929,0.1285211267605633,0.3460559796437659,73,128,129,0.99,12,0.75,3.8,0.284,118.5,0.344
2024,5,송성문,키움,0.34,142,602,527,88,179,29,4,19,273,104,0,8,64.0,2.0,3.0,82.0,5.0,0.518,0.409,0.927,47.0,0.372,0.333,0.178,0.1063122923588039,0.1362126245847176,0.3686635944700461,52,136,138,0.99,11,0.78,3.88,0.178,111.4,0.314
2024,6,홍창기,LG,0.336,139,637,524,96,176,18,3,5,215,73,1,4,96.0,3.0,12.0,93.0,8.0,0.41,0.447,0.857,51.0,0.389,1.0,0.0739999999999999,0.1507064364207221,0.1459968602825745,0.3976744186046511,26,159,100,1.59,6,1.03,4.14,0.074,99.5,0.304
2024,7,로하스,KT,0.329,144,670,572,108,188,39,1,32,325,112,0,4,88.0,9.0,6.0,115.0,10.0,0.568,0.421,0.989,54.0,0.313,0.0,0.2389999999999999,0.1313432835820895,0.1716417910447761,0.3636363636363636,72,112,161,0.7,12,0.77,4.0,0.24,126.7,0.331
2024,8,김선빈,KIA,0.329,116,466,423,48,139,23,0,9,189,57,7,0,30.0,0.0,5.0,39.0,13.0,0.447,0.38,0.827,42.0,0.35,0.5,0.118,0.0643776824034334,0.0836909871244635,0.3466666666666667,32,139,106,1.31,4,0.77,3.8,0.118,65.1,0.283
2024,9,박민우,NC,0.328,121,528,457,75,150,26,2,8,204,50,4,4,54.0,4.0,9.0,79.0,5.0,0.446,0.406,0.852,43.0,0.314,0.0,0.118,0.1022727272727272,0.1496212121212121,0.3796791443850267,36,106,126,0.84,3,0.68,3.9,0.118,85.4,0.294
2024,10,김혜성,키움,0.326,127,567,509,90,166,26,4,11,233,75,0,7,47.0,2.0,4.0,62.0,6.0,0.458,0.383,0.841,49.0,0.377,0.0,0.132,0.0828924162257495,0.109347442680776,0.3498871331828442,41,132,156,0.85,9,0.76,3.82,0.132,90.9,0.287
2024,11,오스틴,LG,0.319,140,604,527,99,168,32,3,32,302,132,0,13,61.0,6.0,3.0,82.0,9.0,0.573,0.384,0.957,49.0,0.329,0.0,0.2539999999999999,0.1009933774834437,0.1357615894039735,0.3192488262910798,67,100,190,0.53,14,0.74,3.78,0.254,112.1,0.316
2024,12,김지찬,삼성,0.316,135,535,453,102,143,16,3,3,174,36,12,1,60.0,2.0,9.0,40.0,5.0,0.384,0.405,0.789,38.0,0.24,0.333,0.068,0.1121495327102803,0.0747663551401869,0.340632603406326,22,153,118,1.3,3,1.5,3.78,0.068,79.8,0.278
2024,13,양의지,두산,0.314,119,485,430,57,135,18,1,17,206,94,0,6,40.0,5.0,9.0,56.0,13.0,0.479,0.379,0.858,37.0,0.393,0.5,0.1649999999999999,0.0824742268041237,0.1154639175257732,0.325068870523416,36,96,149,0.64,15,0.71,3.71,0.165,74.6,0.29
2024,14,나승엽,롯데,0.312,121,489,407,59,127,35,4,7,191,66,2,7,69.0,1.0,4.0,83.0,4.0,0.469,0.411,0.88,33.0,0.354,0.4,0.1569999999999999,0.1411042944785276,0.1697341513292433,0.3703703703703703,46,88,116,0.76,5,0.83,4.05,0.157,80.2,0.302
2024,15,소크라테스,KIA,0.31,140,602,552,92,171,30,3,26,285,97,0,5,41.0,4.0,4.0,91.0,7.0,0.516,0.359,0.875,49.0,0.336,0.0,0.206,0.0681063122923588,0.1511627906976744,0.3295454545454545,59,125,170,0.74,9,0.45,3.66,0.207,98.1,0.291
2024,16,허경민,두산,0.309,115,477,417,69,129,28,0,7,178,61,0,6,36.0,0.0,18.0,25.0,8.0,0.427,0.384,0.811,38.0,0.296,0.5,0.118,0.0754716981132075,0.0524109014675052,0.3120204603580562,35,125,144,0.87,4,1.44,3.69,0.118,69.3,0.28
2024,17,고승민,롯데,0.308,120,532,481,79,148,27,6,14,229,87,1,8,41.0,0.0,1.0,78.0,10.0,0.476,0.358,0.834,42.0,0.307,0.667,0.1679999999999999,0.0770676691729323,0.1466165413533834,0.3375314861460957,47,124,139,0.89,6,0.53,3.85,0.168,78.9,0.28
2024,18,박찬호,KIA,0.307,134,577,515,86,158,24,1,5,199,61,7,6,48.0,1.0,1.0,44.0,9.0,0.386,0.363,0.749,49.0,0.359,0.5,0.079,0.0831889081455806,0.0762564991334488,0.3241525423728814,30,165,154,1.07,7,1.09,3.76,0.08,72.2,0.26
2024,19,데이비슨,NC,0.306,131,567,504,90,154,25,1,46,319,119,0,7,39.0,5.0,17.0,142.0,12.0,0.633,0.37,1.003,45.0,0.255,0.0,0.327,0.0687830687830687,0.2504409171075837,0.3343653250773993,72,83,132,0.63,9,0.27,3.78,0.327,110.1,0.325
2024,20,강민호,삼성,0.303,136,452,403,48,122,19,1,19,200,77,0,6,35.0,2.0,8.0,52.0,17.0,0.496,0.365,0.861,31.0,0.274,0.182,0.193,0.077433628318584,0.1150442477876106,0.3047337278106509,39,124,111,1.12,9,0.67,3.46,0.194,68.8,0.288
2024,21,박성한,SSG,0.301,137,564,489,78,147,24,0,10,201,67,3,6,64.0,3.0,2.0,86.0,11.0,0.411,0.38,0.791,42.0,0.302,0.167,0.1099999999999999,0.1134751773049645,0.1524822695035461,0.3433583959899749,34,139,123,1.13,5,0.74,4.23,0.11,78.5,0.274
2024,22,문보경,LG,0.301,144,602,519,80,156,35,3,22,263,101,3,13,65.0,3.0,2.0,112.0,14.0,0.507,0.372,0.879,40.0,0.292,0.0,0.206,0.1079734219269103,0.1860465116279069,0.3366834170854271,60,125,139,0.9,7,0.58,4.04,0.206,96.0,0.294
2024,23,권희동,NC,0.3,123,511,416,66,125,22,1,13,188,77,2,6,77.0,1.0,10.0,63.0,10.0,0.452,0.417,0.869,31.0,0.391,1.0,0.152,0.1506849315068493,0.1232876712328767,0.3236994219653179,36,113,121,0.93,8,1.22,4.54,0.151,82.2,0.301
2024,24,안치홍,한화,0.3,128,533,473,64,142,21,0,13,202,66,1,4,49.0,1.0,6.0,70.0,10.0,0.427,0.37,0.797,44.0,0.317,1.0,0.127,0.0919324577861163,0.1313320825515947,0.3274111675126903,34,118,147,0.8,8,0.7,3.91,0.127,73.8,0.273
2024,25,신민재,LG,0.297,128,474,387,78,115,11,6,0,138,40,15,3,64.0,1.0,5.0,47.0,7.0,0.357,0.401,0.758,32.0,0.306,0.333,0.06,0.1350210970464135,0.0991561181434599,0.3352769679300291,17,145,83,1.75,3,1.36,3.73,0.059,63.0,0.27
2024,26,김현수,LG,0.294,137,583,517,61,152,36,2,8,216,69,1,9,47.0,1.0,9.0,76.0,10.0,0.418,0.357,0.775,44.0,0.257,0.25,0.124,0.0806174957118353,0.1303602058319039,0.3257918552036199,46,125,173,0.72,10,0.62,3.73,0.124,78.4,0.265
2024,27,윤동희,롯데,0.293,141,613,532,97,156,35,4,14,241,85,2,5,67.0,1.0,7.0,114.0,10.0,0.453,0.376,0.829,43.0,0.319,0.25,0.16,0.1092985318107667,0.1859706362153344,0.3471882640586797,53,134,133,1.01,6,0.59,4.26,0.16,88.3,0.282
2024,28,전준우,롯데,0.293,109,483,423,57,124,26,2,17,205,82,1,5,49.0,0.0,5.0,84.0,11.0,0.485,0.369,0.854,37.0,0.243,0.0,0.192,0.1014492753623188,0.1739130434782608,0.327217125382263,45,102,118,0.86,5,0.58,3.83,0.191,73.6,0.287
2024,29,최원준,KIA,0.292,136,508,438,75,128,23,3,9,184,56,7,5,50.0,0.0,8.0,66.0,6.0,0.42,0.371,0.791,37.0,0.301,0.286,0.128,0.0984251968503937,0.1299212598425196,0.3233695652173913,35,127,122,1.04,8,0.76,4.01,0.128,71.2,0.272
2024,30,최정,SSG,0.291,129,550,468,93,136,27,2,37,278,107,0,7,55.0,1.0,20.0,114.0,10.0,0.594,0.384,0.978,39.0,0.284,0.0,0.303,0.1,0.2072727272727272,0.3055555555555556,66,75,150,0.5,14,0.48,3.84,0.303,103.9,0.321
2024,31,김태연,한화,0.291,126,472,413,59,120,24,0,12,180,61,6,4,45.0,0.0,4.0,89.0,9.0,0.436,0.363,0.799,33.0,0.295,0.0,0.145,0.0953389830508474,0.1885593220338983,0.3417721518987341,36,100,108,0.93,3,0.51,3.92,0.145,64.8,0.272
2024,32,강백호,KT,0.289,144,614,550,92,159,27,0,26,264,96,0,2,59.0,4.0,3.0,127.0,6.0,0.48,0.36,0.84,43.0,0.28,0.25,0.191,0.0960912052117263,0.2068403908794788,0.3333333333333333,53,139,127,1.09,9,0.46,4.0,0.191,93.4,0.282
2024,33,이우성,KIA,0.288,112,449,399,56,115,16,1,9,160,54,0,3,44.0,0.0,3.0,89.0,17.0,0.401,0.361,0.762,27.0,0.266,1.0,0.113,0.0979955456570155,0.198218262806236,0.3486842105263157,26,108,90,1.2,7,0.49,4.0,0.113,55.5,0.263
2024,34,서호철,NC,0.285,141,567,512,68,146,19,3,10,201,61,6,3,30.0,0.0,16.0,101.0,15.0,0.393,0.342,0.735,38.0,0.243,0.0,0.108,0.0529100529100529,0.1781305114638448,0.3366336633663366,32,141,127,1.11,4,0.3,3.78,0.107,65.1,0.252
2024,35,정수빈,두산,0.284,136,608,510,95,145,21,3,4,184,47,10,8,71.0,1.0,9.0,72.0,8.0,0.361,0.376,0.737,42.0,0.248,0.0,0.077,0.1167763157894736,0.1184210526315789,0.3190045248868778,28,160,141,1.13,4,0.99,4.1,0.076,81.8,0.259
2024,36,김재환,두산,0.283,136,552,474,78,134,28,0,29,249,92,0,9,63.0,3.0,6.0,168.0,8.0,0.525,0.368,0.893,30.0,0.259,0.667,0.242,0.1141304347826086,0.3043478260869565,0.3671328671328671,57,65,116,0.56,7,0.38,4.02,0.243,91.9,0.297
2024,37,강승호,두산,0.28,140,566,521,81,146,34,7,18,248,81,2,4,32.0,4.0,7.0,158.0,8.0,0.476,0.328,0.804,39.0,0.29,0.2,0.1959999999999999,0.0565371024734982,0.2791519434628975,0.3667621776504298,59,97,124,0.78,9,0.2,3.78,0.196,78.9,0.267
2024,38,최형우,KIA,0.28,116,487,425,67,119,23,2,22,212,109,0,5,52.0,4.0,5.0,86.0,5.0,0.499,0.361,0.86,34.0,0.331,0.4,0.2189999999999999,0.1067761806981519,0.1765913757700205,0.3012422360248447,47,99,126,0.79,12,0.6,4.04,0.219,77.0,0.287
2024,39,최지훈,SSG,0.275,125,543,483,89,133,22,7,11,202,49,6,2,50.0,0.0,2.0,71.0,5.0,0.418,0.345,0.763,39.0,0.245,0.2,0.1429999999999999,0.0920810313075506,0.1307550644567219,0.3027295285359802,40,117,164,0.71,4,0.7,4.05,0.143,74.4,0.26
2024,40,배정대,KT,0.275,113,473,404,49,111,25,1,7,159,59,8,7,50.0,1.0,4.0,114.0,5.0,0.394,0.355,0.749,30.0,0.302,1.0,0.119,0.1057082452431289,0.241014799154334,0.3586206896551724,33,86,100,0.86,3,0.44,4.0,0.119,59.5,0.258
2024,41,페라자,한화,0.275,122,522,455,75,125,24,0,24,221,70,0,2,63.0,5.0,2.0,129.0,6.0,0.486,0.364,0.85,34.0,0.308,0.286,0.2109999999999999,0.1206896551724138,0.2471264367816092,0.3322368421052631,48,103,100,1.03,7,0.49,3.96,0.211,79.4,0.285
2024,42,박동원,LG,0.272,130,498,434,58,118,22,0,20,200,80,2,7,55.0,2.0,0.0,112.0,14.0,0.461,0.349,0.81,25.0,0.27,0.5,0.189,0.110441767068273,0.2248995983935743,0.3171521035598705,42,107,104,1.03,4,0.49,4.04,0.189,69.5,0.272
2024,43,노시환,한화,0.272,136,601,526,88,143,20,2,24,239,89,0,4,60.0,9.0,11.0,129.0,10.0,0.454,0.356,0.81,35.0,0.314,0.0,0.182,0.0998336106489184,0.2146422628951747,0.3156498673740053,46,114,144,0.79,6,0.47,3.99,0.183,86.2,0.274
2024,44,채은성,한화,0.271,124,498,436,61,118,24,0,20,202,83,0,5,49.0,1.0,8.0,83.0,12.0,0.463,0.351,0.814,29.0,0.27,0.0,0.192,0.0983935742971887,0.1666666666666666,0.2899408284023668,44,100,140,0.71,7,0.59,3.81,0.193,70.4,0.274
2024,45,장성우,KT,0.268,131,489,418,53,112,19,0,19,188,81,2,8,60.0,1.0,1.0,86.0,8.0,0.45,0.355,0.805,30.0,0.271,0.133,0.182,0.1226993865030674,0.1758691206543967,0.2897196261682243,38,90,138,0.65,14,0.7,4.09,0.182,71.4,0.272
2024,46,이주형,키움,0.266,115,537,473,82,126,19,3,13,190,60,0,1,49.0,1.0,14.0,119.0,4.0,0.402,0.352,0.754,36.0,0.267,0.0,0.136,0.0912476722532588,0.2216014897579143,0.3304093567251462,35,111,118,0.94,5,0.41,3.79,0.135,70.1,0.259
2024,47,박해민,LG,0.263,144,553,482,72,127,16,6,6,173,56,5,9,46.0,0.0,11.0,101.0,3.0,0.359,0.336,0.695,35.0,0.233,0.25,0.0959999999999999,0.0831826401446654,0.1826401446654611,0.3151041666666667,28,102,161,0.63,4,0.46,4.08,0.095,68.5,0.241
2024,48,박승욱,롯데,0.262,139,468,405,57,106,19,1,7,148,53,3,3,47.0,3.0,10.0,120.0,7.0,0.365,0.351,0.716,27.0,0.246,0.0,0.1029999999999999,0.1004273504273504,0.2564102564102564,0.3523131672597864,27,98,84,1.17,6,0.39,3.88,0.104,53.3,0.249
2024,49,이재현,삼성,0.26,109,458,389,71,101,18,1,14,163,66,0,3,58.0,1.0,8.0,83.0,8.0,0.419,0.365,0.784,27.0,0.33,0.25,0.1589999999999999,0.1266375545851528,0.1812227074235808,0.2949152542372881,33,87,121,0.72,5,0.7,4.38,0.159,62.1,0.269
2024,50,황재균,KT,0.26,137,536,493,60,128,22,0,13,189,58,5,2,34.0,0.0,2.0,95.0,16.0,0.383,0.309,0.692,34.0,0.238,0.2,0.123,0.0634328358208955,0.1772388059701492,0.2971576227390181,35,113,159,0.71,5,0.36,3.84,0.124,53.5,0.235
2024,51,김휘집,NC,0.258,140,562,488,78,126,24,1,16,200,73,4,8,52.0,1.0,10.0,119.0,16.0,0.41,0.337,0.747,33.0,0.282,0.0,0.1519999999999999,0.092526690391459,0.2117437722419929,0.3047091412742382,41,91,160,0.57,8,0.44,4.14,0.152,68.3,0.254
2024,52,최주환,키움,0.257,130,544,482,49,124,23,1,13,188,84,0,9,47.0,2.0,6.0,92.0,12.0,0.39,0.325,0.715,36.0,0.308,0.0,0.133,0.0863970588235294,0.1691176470588235,0.2875647668393782,37,108,167,0.65,7,0.51,4.08,0.133,63.3,0.244
2024,53,김영웅,삼성,0.252,126,509,456,65,115,16,3,28,221,79,1,4,45.0,0.0,3.0,155.0,2.0,0.485,0.321,0.806,26.0,0.31,0.167,0.2329999999999999,0.0884086444007858,0.3045186640471513,0.3140794223826715,47,78,112,0.7,8,0.29,3.83,0.232,75.1,0.266
2024,54,김주원,NC,0.252,134,475,385,61,97,18,2,9,146,49,9,5,51.0,1.0,25.0,111.0,5.0,0.379,0.371,0.75,26.0,0.243,0.0,0.127,0.1073684210526315,0.2336842105263158,0.3259259259259259,29,72,110,0.65,3,0.46,4.07,0.127,62.3,0.262
2024,55,양석환,두산,0.246,142,593,533,83,131,25,1,34,260,107,1,3,49.0,1.0,7.0,128.0,15.0,0.488,0.316,0.804,34.0,0.286,0.667,0.242,0.0826306913996627,0.2158516020236087,0.2593582887700534,60,96,181,0.53,10,0.38,4.05,0.242,80.8,0.264
2024,56,한유섬,SSG,0.235,132,523,464,64,109,29,0,24,210,87,1,3,46.0,3.0,9.0,142.0,2.0,0.453,0.314,0.767,28.0,0.26,0.167,0.218,0.0879541108986615,0.27151051625239,0.2823920265780731,53,90,126,0.71,8,0.32,4.14,0.218,68.9,0.255
2025,1,양의지,두산,0.337,130,517,454,56,153,27,1,20,242,89,0,6,50.0,6.0,7.0,63.0,10.0,0.533,0.406,0.939,44.0,0.375,0.5,0.196,0.0967117988394584,0.1218568665377176,0.3527851458885941,48,94,150,0.63,5,0.79,3.71,0.196,91.6,0.316
2025,2,안현민,KT,0.334,112,482,395,72,132,19,4,22,225,80,0,3,75.0,5.0,9.0,72.0,4.0,0.57,0.448,1.018,38.0,0.333,0.0,0.2359999999999999,0.1556016597510373,0.1493775933609958,0.3618421052631579,45,93,101,0.92,7,1.04,4.2,0.235,97.5,0.344
2025,3,김성윤,삼성,0.331,127,538,456,92,151,29,9,6,216,61,10,2,65.0,0.0,5.0,54.0,11.0,0.474,0.419,0.893,45.0,0.402,0.4,0.1429999999999999,0.120817843866171,0.1003717472118959,0.364321608040201,44,159,94,1.69,4,1.2,3.67,0.143,87.8,0.307
2025,4,레이예스,롯데,0.326,144,643,573,75,187,44,1,13,272,107,0,9,58.0,17.0,3.0,66.0,25.0,0.475,0.386,0.861,60.0,0.375,0.0,0.1489999999999999,0.0902021772939346,0.1026438569206843,0.345924453280318,58,185,144,1.28,7,0.88,3.6,0.148,94.9,0.292
2025,5,문현빈,한화,0.32,141,592,528,71,169,30,2,12,239,80,5,11,38.0,2.0,10.0,82.0,11.0,0.453,0.37,0.823,53.0,0.319,0.25,0.133,0.0641891891891891,0.1385135135135135,0.3528089887640449,44,148,140,1.06,13,0.46,3.62,0.133,88.0,0.28
2025,6,구자욱,삼성,0.319,142,616,529,106,169,43,2,19,273,96,1,8,73.0,7.0,5.0,91.0,9.0,0.516,0.402,0.918,46.0,0.351,0.333,0.197,0.1185064935064935,0.1477272727272727,0.351288056206089,64,147,130,1.13,15,0.8,4.05,0.197,105.7,0.31
2025,7,송성문,키움,0.315,144,646,574,103,181,37,4,26,304,90,0,3,68.0,5.0,1.0,96.0,6.0,0.53,0.387,0.917,53.0,0.372,0.333,0.215,0.1052631578947368,0.1486068111455108,0.3406593406593406,67,139,161,0.86,8,0.71,3.79,0.214,114.9,0.307
2025,8,디아즈,삼성,0.314,144,628,551,93,173,32,0,50,355,158,0,11,60.0,10.0,6.0,100.0,15.0,0.644,0.381,1.025,50.0,0.352,1.0,0.33,0.0955414012738853,0.1592356687898089,0.2985436893203883,82,103,186,0.55,16,0.6,3.82,0.33,126.0,0.332
2025,9,신민재,LG,0.313,135,538,463,87,145,15,7,1,177,61,6,4,62.0,0.0,3.0,57.0,7.0,0.382,0.395,0.777,37.0,0.407,0.5,0.069,0.1152416356877323,0.1059479553903345,0.3520782396088019,23,191,74,2.58,4,1.09,3.89,0.069,72.5,0.273
2025,10,오스틴,LG,0.313,116,499,425,82,133,25,1,31,253,95,0,11,61.0,7.0,2.0,62.0,11.0,0.595,0.393,0.988,38.0,0.292,0.0,0.282,0.1222444889779559,0.1242484969939879,0.2973760932944606,57,74,167,0.44,11,0.98,3.79,0.282,96.2,0.326
2025,11,최형우,KIA,0.307,133,549,469,74,144,30,1,24,248,86,0,5,67.0,8.0,8.0,98.0,9.0,0.529,0.399,0.928,38.0,0.294,0.6,0.222,0.122040072859745,0.1785063752276867,0.3409090909090909,55,103,129,0.8,9,0.68,3.99,0.222,95.1,0.312
2025,12,문성주,LG,0.305,135,542,475,57,145,20,2,3,178,70,0,9,54.0,0.0,4.0,59.0,10.0,0.375,0.375,0.75,43.0,0.321,0.167,0.07,0.0996309963099631,0.1088560885608856,0.3364928909952606,25,166,114,1.46,10,0.92,3.77,0.069,69.7,0.263
2025,13,박민우,NC,0.302,117,468,404,64,122,25,8,3,172,67,4,4,44.0,5.0,12.0,64.0,5.0,0.426,0.384,0.81,37.0,0.432,0.167,0.124,0.094017094017094,0.1367521367521367,0.3489736070381232,36,109,113,0.96,6,0.69,3.66,0.124,68.6,0.279
2025,14,케이브,두산,0.299,136,593,538,72,161,28,6,16,249,87,0,8,43.0,1.0,4.0,116.0,7.0,0.463,0.351,0.814,52.0,0.31,0.0,0.164,0.072512647554806,0.1956155143338954,0.3502415458937198,50,129,140,0.92,7,0.37,3.78,0.164,89.1,0.274
2025,15,김현수,LG,0.298,140,552,483,66,144,24,0,12,204,90,0,1,64.0,1.0,4.0,73.0,10.0,0.422,0.384,0.806,36.0,0.362,0.4,0.124,0.1159420289855072,0.1322463768115942,0.3308270676691729,36,147,120,1.23,15,0.88,3.89,0.124,77.9,0.278
2025,16,전준우,롯데,0.293,114,472,410,50,120,26,1,8,172,70,3,6,44.0,2.0,9.0,71.0,9.0,0.42,0.369,0.789,29.0,0.359,0.25,0.127,0.0932203389830508,0.1504237288135593,0.3323442136498516,35,98,127,0.77,11,0.62,3.7,0.127,64.0,0.271
2025,17,김주원,NC,0.289,144,624,539,98,156,26,8,15,243,65,4,2,63.0,1.0,16.0,111.0,8.0,0.451,0.379,0.83,40.0,0.306,0.333,0.162,0.1009615384615384,0.1778846153846154,0.3397590361445783,49,112,162,0.69,3,0.57,3.94,0.161,95.9,0.283
2025,18,채은성,한화,0.288,132,527,480,54,138,27,1,19,224,88,3,0,31.0,5.0,13.0,96.0,4.0,0.467,0.347,0.814,39.0,0.333,0.0,0.179,0.0588235294117647,0.1821631878557874,0.3260273972602739,47,117,129,0.91,10,0.32,3.72,0.179,74.5,0.273
2025,19,박찬호,KIA,0.287,134,595,516,75,148,18,2,5,185,42,8,6,62.0,0.0,3.0,69.0,7.0,0.359,0.363,0.722,37.0,0.294,0.0,0.072,0.1042016806722689,0.1159663865546218,0.3191964285714285,25,138,167,0.83,3,0.9,3.86,0.072,75.1,0.253
2025,20,최지훈,SSG,0.284,140,574,517,66,147,16,4,7,192,45,4,5,43.0,2.0,5.0,87.0,2.0,0.371,0.342,0.713,37.0,0.28,0.286,0.087,0.0749128919860627,0.151567944250871,0.3271028037383177,27,117,171,0.68,6,0.49,3.91,0.087,72.0,0.247
2025,21,허경민,KT,0.283,114,481,420,47,119,18,0,4,149,44,3,4,39.0,1.0,15.0,35.0,14.0,0.355,0.362,0.717,33.0,0.29,0.0,0.072,0.081081081081081,0.0727650727650727,0.2987012987012987,22,129,141,0.91,5,1.11,3.88,0.071,54.9,0.252
2025,22,류지혁,삼성,0.28,129,464,400,54,112,14,0,1,129,37,14,4,33.0,0.0,13.0,73.0,11.0,0.323,0.351,0.674,29.0,0.247,0.2,0.0429999999999999,0.0711206896551724,0.1573275862068965,0.3363636363636363,15,130,89,1.46,3,0.45,3.82,0.043,47.2,0.239
2025,23,고명준,SSG,0.278,130,500,471,46,131,20,1,17,204,64,0,7,20.0,1.0,2.0,99.0,12.0,0.433,0.306,0.739,43.0,0.235,0.0,0.1549999999999999,0.04,0.198,0.3149171270718232,38,124,124,1.0,11,0.2,3.38,0.155,60.9,0.246
2025,24,박해민,LG,0.276,144,544,442,80,122,18,2,3,153,43,22,4,68.0,0.0,8.0,94.0,7.0,0.346,0.379,0.725,29.0,0.231,0.0,0.0699999999999999,0.125,0.1727941176470588,0.3409742120343839,23,100,130,0.77,3,0.72,3.96,0.07,69.3,0.257
2025,25,문보경,LG,0.276,141,607,515,91,142,21,1,24,237,108,0,9,79.0,3.0,4.0,108.0,15.0,0.46,0.371,0.831,38.0,0.274,0.333,0.184,0.1301482701812191,0.1779242174629324,0.3010204081632653,46,162,112,1.45,13,0.73,4.13,0.184,90.2,0.282
2025,26,최주환,키움,0.275,120,506,459,45,126,31,1,12,195,74,0,6,36.0,2.0,5.0,66.0,8.0,0.425,0.33,0.755,33.0,0.291,0.5,0.1499999999999999,0.0711462450592885,0.1304347826086956,0.2945736434108527,44,112,161,0.7,6,0.55,4.07,0.15,64.2,0.255
2025,27,박성한,SSG,0.274,127,538,452,73,124,23,2,7,172,48,2,2,79.0,1.0,3.0,93.0,6.0,0.381,0.384,0.765,31.0,0.275,0.5,0.1069999999999999,0.1468401486988847,0.1728624535315985,0.3305084745762712,32,125,112,1.12,5,0.85,4.51,0.106,69.8,0.268
2025,28,한유섬,SSG,0.273,128,511,455,50,124,24,0,15,193,71,1,2,46.0,3.0,7.0,120.0,6.0,0.424,0.347,0.771,36.0,0.291,0.333,0.1509999999999999,0.0900195694716242,0.2348336594911937,0.3385093167701863,39,94,119,0.79,8,0.38,3.95,0.152,67.1,0.262
2025,29,고승민,롯데,0.271,121,538,469,71,127,21,2,4,164,45,6,4,56.0,1.0,3.0,83.0,8.0,0.35,0.35,0.7,36.0,0.241,0.0,0.0789999999999999,0.104089219330855,0.1542750929368029,0.3186528497409326,27,126,137,0.92,6,0.67,4.0,0.079,60.8,0.245
2025,30,강민호,삼성,0.269,127,465,412,37,111,23,1,12,172,71,1,7,38.0,4.0,7.0,69.0,16.0,0.417,0.336,0.753,26.0,0.333,0.3,0.1479999999999999,0.0817204301075268,0.1483870967741935,0.2928994082840236,36,130,109,1.19,6,0.55,3.62,0.148,56.1,0.255
2025,31,오선우,KIA,0.265,124,474,437,58,116,17,1,18,189,56,0,0,34.0,2.0,3.0,158.0,11.0,0.432,0.323,0.755,32.0,0.239,0.143,0.1669999999999999,0.0717299578059071,0.3333333333333333,0.3754789272030651,36,92,71,1.3,7,0.22,4.07,0.167,56.7,0.253
2025,32,노시환,한화,0.26,144,624,539,97,140,28,2,32,268,101,0,4,70.0,10.0,11.0,125.0,22.0,0.497,0.354,0.851,37.0,0.29,0.0,0.237,0.1121794871794871,0.2003205128205128,0.2797927461139896,62,121,157,0.77,16,0.56,3.94,0.237,91.3,0.284
2025,33,정수빈,두산,0.258,132,546,462,89,119,16,4,6,161,38,8,4,61.0,2.0,11.0,57.0,7.0,0.348,0.355,0.703,27.0,0.212,1.0,0.0899999999999999,0.1117216117216117,0.1043956043956044,0.2803970223325062,26,182,108,1.69,1,1.07,3.96,0.091,63.5,0.247
2025,34,이재현,삼성,0.254,139,555,457,82,116,29,1,16,195,67,10,8,69.0,1.0,11.0,119.0,8.0,0.427,0.36,0.787,29.0,0.256,0.333,0.173,0.1243243243243243,0.2144144144144144,0.303030303030303,46,88,142,0.62,6,0.58,4.37,0.173,76.6,0.269
2025,35,오지환,LG,0.253,127,472,419,57,106,24,1,16,180,62,7,6,37.0,0.0,3.0,115.0,4.0,0.43,0.314,0.744,27.0,0.283,0.333,0.177,0.0783898305084745,0.2436440677966101,0.3061224489795918,41,90,114,0.79,6,0.32,4.19,0.177,58.8,0.249
2025,36,박동원,LG,0.253,139,523,451,57,114,25,0,22,205,76,3,5,62.0,4.0,2.0,124.0,10.0,0.455,0.342,0.797,27.0,0.235,0.143,0.202,0.1185468451242829,0.2370936902485659,0.2967741935483871,47,110,108,1.02,8,0.5,3.89,0.202,72.2,0.268
2025,37,김휘집,NC,0.249,142,500,429,64,107,18,2,17,180,56,2,2,40.0,0.0,27.0,89.0,9.0,0.42,0.349,0.769,29.0,0.242,0.333,0.1709999999999999,0.08,0.178,0.2769230769230769,37,95,140,0.68,11,0.45,3.9,0.17,66.3,0.262
2025,38,김영웅,삼성,0.249,125,499,446,66,111,22,2,22,203,72,0,3,48.0,3.0,2.0,143.0,6.0,0.455,0.323,0.778,25.0,0.268,0.0,0.206,0.096192384769539,0.2865731462925852,0.3133802816901408,46,83,112,0.74,3,0.34,3.97,0.206,66.9,0.259
2025,39,장성우,KT,0.247,129,480,413,44,102,13,0,14,157,58,2,8,55.0,1.0,2.0,96.0,13.0,0.38,0.333,0.713,25.0,0.191,0.25,0.133,0.1145833333333333,0.2,0.2829581993569132,27,86,137,0.63,8,0.57,4.01,0.133,55.5,0.245
2025,40,권희동,NC,0.246,136,456,358,56,88,24,0,6,130,39,8,2,77.0,0.0,11.0,80.0,10.0,0.363,0.393,0.756,21.0,0.247,0.077,0.1169999999999999,0.168859649122807,0.175438596491228,0.2992700729927007,30,103,89,1.16,4,0.96,4.47,0.117,56.6,0.268
2025,41,최원준,NC,0.242,126,449,413,62,100,13,3,6,137,44,2,5,23.0,0.0,6.0,71.0,5.0,0.332,0.289,0.621,24.0,0.224,0.2,0.09,0.0512249443207126,0.1581291759465478,0.2756598240469208,22,132,115,1.15,3,0.32,3.78,0.09,43.4,0.213
2025,42,이주형,키움,0.24,127,514,446,55,107,22,1,11,164,45,3,0,37.0,2.0,28.0,115.0,7.0,0.368,0.337,0.705,28.0,0.257,0.222,0.128,0.0719844357976653,0.2237354085603113,0.3,34,131,93,1.41,5,0.32,3.75,0.128,59.6,0.244
2025,43,위즈덤,KIA,0.236,119,486,424,73,100,20,1,35,227,85,0,6,52.0,2.0,4.0,142.0,9.0,0.535,0.321,0.856,25.0,0.207,0.2,0.299,0.1069958847736625,0.2921810699588477,0.2569169960474308,56,67,121,0.55,5,0.37,4.39,0.3,75.8,0.278
2026,1,박성한,SSG,0.494,21,99,79,17,39,9,1,1,53,20,0,1,18.0,0.0,1.0,9.0,1.0,0.615,0.541,1.156,13.0,0.565,0.0,0.121,0.1818181818181818,0.0909090909090909,0.5428571428571428,11,18,16,1.13,2,2.57,4.21,0.177,26.4,0.431
2026,2,류지혁,삼성,0.421,21,91,76,18,32,7,1,2,47,14,0,0,15.0,1.0,0.0,16.0,2.0,0.615,0.481,1.096,11.0,0.381,0.0,0.194,0.1648351648351648,0.1758241758241758,0.5172413793103449,10,16,18,0.89,1,1.5,3.96,0.197,21.3,0.387
2026,3,박준순,두산,0.397,20,82,78,8,31,4,2,3,48,14,0,0,3.0,0.0,3.0,21.0,1.0,0.589,0.427,1.016,12.0,0.444,0.0,0.1919999999999999,0.0365853658536585,0.2560975609756097,0.5185185185185185,9,16,11,1.45,4,0.05,3.27,0.218,16.6,0.346
2026,4,천성호,LG,0.368,20,66,57,12,21,4,0,1,28,8,1,0,8.0,0.0,1.0,10.0,3.0,0.471,0.43,0.901,8.0,0.267,0.5,0.1029999999999999,0.1212121212121212,0.1515151515151515,0.4347826086956521,5,21,6,3.5,0,0.78,3.79,0.123,11.2,0.323
2026,5,페라자,한화,0.366,21,100,82,21,30,8,0,2,44,13,0,2,18.0,1.0,0.0,15.0,2.0,0.587,0.464,1.051,8.0,0.375,0.0,0.2209999999999999,0.18,0.15,0.417910447761194,10,15,26,0.58,1,1.23,4.09,0.171,20.3,0.341
2026,5,레이예스,롯데,0.366,21,93,82,9,30,3,0,5,48,13,0,1,9.0,2.0,1.0,16.0,2.0,0.531,0.402,0.933,10.0,0.412,0.0,0.165,0.0967741935483871,0.1720430107526881,0.4032258064516129,8,16,25,0.64,0,0.75,3.38,0.22,18.6,0.34
2026,7,고명준,SSG,0.365,17,68,63,9,23,5,0,4,40,12,0,0,,,,,,,,,,,,,,,,9,12,14,0.86,2,0.36,3.28,0.27,14.5,0.344
2026,8,문현빈,한화,0.364,20,94,77,18,28,7,2,5,54,22,0,0,17.0,0.0,2.0,12.0,4.0,0.675,0.48,1.155,7.0,0.381,0.0,0.311,0.1808510638297872,0.1276595744680851,0.3833333333333333,14,20,17,1.18,1,1.25,3.67,0.338,21.0,0.391
2026,9,문성주,LG,0.356,21,86,73,6,26,5,0,0,31,10,2,2,9.0,2.0,2.0,11.0,0.0,0.45,0.441,0.891,8.0,0.429,1.0,0.094,0.1046511627906976,0.127906976744186,0.40625,5,18,22,0.82,3,0.78,3.95,0.068,13.4,0.294
2026,10,박민우,NC,0.338,20,87,74,15,25,7,0,1,35,14,0,0,12.0,0.0,2.0,12.0,2.0,0.452,0.424,0.876,9.0,0.44,0.0,0.1139999999999999,0.1379310344827586,0.1379310344827586,0.3934426229508196,8,18,19,0.95,2,0.92,3.95,0.135,15.9,0.315
2026,11,오스틴,LG,0.333,21,97,84,19,28,4,1,6,52,16,0,1,13.0,1.0,0.0,11.0,1.0,0.612,0.429,1.041,9.0,0.345,0.0,0.2789999999999999,0.134020618556701,0.1134020618556701,0.3235294117647059,11,19,28,0.68,3,1.2,3.67,0.286,19.7,0.34
2026,12,김선빈,KIA,0.329,21,88,70,11,23,4,0,1,30,13,0,1,18.0,1.0,1.0,7.0,1.0,0.407,0.436,0.843,7.0,0.348,1.0,0.0779999999999999,0.2045454545454545,0.0795454545454545,0.3492063492063492,5,29,13,2.23,0,2.67,4.19,0.1,14.7,0.312
2026,13,이우성,NC,0.322,19,67,59,9,19,6,0,3,34,3,0,0,8.0,0.0,0.0,13.0,1.0,0.537,0.387,0.924,6.0,0.083,0.0,0.215,0.1194029850746268,0.1940298507462686,0.3720930232558139,9,15,13,1.15,0,0.67,4.01,0.254,12.7,0.325
2026,14,김호령,KIA,0.318,22,101,88,14,28,8,0,1,39,10,3,0,8.0,0.0,3.0,22.0,1.0,0.4,0.36,0.76,12.0,0.25,0.0,0.082,0.0792079207920792,0.2178217821782178,0.4153846153846154,9,26,16,1.63,0,0.39,3.58,0.125,14.2,0.285
2026,15,김현수,KT,0.316,22,103,95,14,30,8,0,3,47,20,0,0,10.0,0.0,0.0,15.0,4.0,0.481,0.371,0.852,12.0,0.323,0.0,0.1649999999999999,0.0970873786407767,0.145631067961165,0.3506493506493506,11,30,23,1.3,2,0.67,3.8,0.179,14.6,0.29
2026,16,최원준,KT,0.311,21,104,90,16,28,8,1,0,38,11,0,1,13.0,0.0,1.0,19.0,0.0,0.431,0.385,0.816,9.0,0.261,0.0,0.12,0.125,0.1826923076923076,0.3888888888888889,9,20,26,0.77,1,0.76,3.97,0.111,14.8,0.283
2026,17,노진혁,롯데,0.3,21,81,70,5,21,8,0,3,38,11,0,1,11.0,0.0,0.0,21.0,1.0,0.524,0.362,0.886,7.0,0.269,0.5,0.224,0.1358024691358024,0.2592592592592592,0.3829787234042553,11,11,21,0.52,1,0.56,3.89,0.243,13.9,0.308
2026,17,데일,KIA,0.3,21,90,80,14,24,4,0,1,31,6,1,1,10.0,1.0,0.0,10.0,4.0,0.375,0.364,0.739,5.0,0.2,1.0,0.075,0.1111111111111111,0.1111111111111111,0.3285714285714285,5,29,19,1.53,0,0.89,3.78,0.088,10.5,0.259
2026,19,박찬호,두산,0.296,22,99,81,21,24,6,0,1,33,6,3,0,16.0,1.0,0.0,18.0,4.0,0.426,0.4,0.826,7.0,0.25,1.0,0.13,0.1616161616161616,0.1818181818181818,0.3709677419354839,7,21,19,1.11,0,0.88,3.79,0.111,14.1,0.284
2026,20,한태양,롯데,0.295,20,70,61,7,18,3,0,0,21,1,1,0,7.0,0.0,1.0,19.0,0.0,0.292,0.325,0.617,3.0,0.111,0.0,-0.003,0.1,0.2714285714285714,0.4285714285714285,3,14,17,0.82,0,0.58,4.0,0.049,9.2,0.256
2026,21,강백호,한화,0.292,21,97,89,13,26,5,0,4,43,24,0,1,7.0,0.0,0.0,20.0,0.0,0.475,0.339,0.814,10.0,0.469,0.0,0.183,0.0721649484536082,0.2061855670103092,0.3333333333333333,9,28,19,1.47,1,0.41,3.86,0.191,14.8,0.274
2026,22,디아즈,삼성,0.289,21,96,83,15,24,4,0,3,37,15,0,1,13.0,0.0,0.0,15.0,3.0,0.473,0.383,0.856,6.0,0.259,0.0,0.184,0.1354166666666666,0.15625,0.3181818181818182,7,18,27,0.67,1,0.8,4.02,0.157,13.6,0.28
2026,23,최형우,삼성,0.286,21,98,77,13,22,3,0,4,37,16,0,1,22.0,0.0,2.0,10.0,5.0,0.477,0.441,0.918,4.0,0.2,0.0,0.191,0.2244897959183673,0.1020408163265306,0.28125,7,23,26,0.88,1,2.57,3.98,0.195,15.7,0.313
2026,24,박건우,NC,0.278,21,82,72,9,20,5,0,4,37,12,0,0,10.0,1.0,0.0,20.0,2.0,0.542,0.376,0.918,9.0,0.28,0.0,0.264,0.1219512195121951,0.2439024390243902,0.3333333333333333,9,9,24,0.38,2,0.53,3.54,0.236,13.0,0.293
2026,25,문보경,LG,0.277,20,87,65,9,18,3,0,2,27,11,0,2,20.0,1.0,1.0,18.0,3.0,0.405,0.431,0.836,5.0,0.4,0.0,0.128,0.2298850574712643,0.2068965517241379,0.3404255319148936,5,17,16,1.06,1,1.19,4.13,0.138,13.9,0.3
2026,26,한동희,롯데,0.273,17,71,66,5,18,4,0,0,22,4,0,0,4.0,0.0,1.0,15.0,4.0,0.308,0.301,0.609,6.0,0.19,0.0,0.0349999999999999,0.056338028169014,0.2112676056338028,0.3529411764705882,4,21,16,1.31,1,0.36,3.52,0.061,6.2,0.229
2026,27,한준수,KIA,0.269,21,71,52,9,14,4,0,2,24,8,3,1,15.0,2.0,0.0,9.0,5.0,0.433,0.408,0.841,5.0,0.385,0.0,0.1639999999999999,0.2112676056338028,0.1267605633802817,0.2857142857142857,6,12,20,0.6,1,2.14,4.1,0.192,10.6,0.307
2026,28,이주형,키움,0.268,20,90,82,12,22,8,1,2,38,12,0,0,5.0,0.0,3.0,17.0,0.0,0.463,0.333,0.796,5.0,0.25,0.0,0.195,0.0555555555555555,0.1888888888888888,0.3174603174603174,11,22,21,1.05,3,0.29,3.66,0.195,13.1,0.266
2026,29,최정,SSG,0.267,21,93,75,13,20,7,1,3,38,9,0,1,15.0,1.0,3.0,22.0,0.0,0.6,0.404,1.004,5.0,0.2,0.0,0.3329999999999999,0.1612903225806451,0.2365591397849462,0.3333333333333333,11,12,25,0.48,2,0.74,3.91,0.24,16.2,0.306
2026,30,김상수,KT,0.266,20,79,64,6,17,3,0,0,20,6,2,1,15.0,0.0,1.0,9.0,3.0,0.296,0.386,0.682,3.0,0.25,0.0,0.0299999999999999,0.189873417721519,0.1139240506329113,0.3035714285714285,3,19,22,0.86,2,1.57,4.33,0.047,8.0,0.248
2026,31,카스트로,KIA,0.265,21,88,83,15,22,9,0,2,37,16,0,1,4.0,0.0,0.0,22.0,4.0,0.42,0.28,0.7,6.0,0.231,0.0,0.1549999999999999,0.0454545454545454,0.25,0.3333333333333333,11,24,19,1.26,2,0.21,3.91,0.181,9.5,0.244
2026,32,에레디아,SSG,0.264,21,93,91,10,24,3,0,5,42,17,0,1,3.0,0.0,0.0,22.0,2.0,0.43,0.269,0.699,7.0,0.314,0.0,0.1659999999999999,0.032258064516129,0.2365591397849462,0.2923076923076923,8,12,37,0.32,1,0.05,3.51,0.198,10.8,0.237
2026,33,박해민,LG,0.263,21,88,76,7,20,4,0,0,24,6,2,1,8.0,0.0,3.0,11.0,0.0,0.313,0.337,0.65,5.0,0.2,0.0,0.0499999999999999,0.0909090909090909,0.125,0.303030303030303,4,18,30,0.6,1,0.67,4.05,0.053,9.9,0.231
2026,34,하주석,한화,0.262,19,66,61,3,16,1,0,0,17,6,1,0,,,,,,,,,,,,,,,,1,21,6,3.5,1,0.22,3.53,0.016,5.1,0.208
2026,35,오지환,LG,0.262,20,78,65,9,17,3,0,1,23,13,0,1,10.0,0.0,2.0,12.0,0.0,0.338,0.352,0.69,5.0,0.381,0.0,0.076,0.1282051282051282,0.1538461538461538,0.3018867924528302,4,21,19,1.11,2,1.11,3.83,0.092,10.0,0.256
2026,36,브룩스,키움,0.259,21,95,81,9,21,6,0,0,27,9,0,1,14.0,0.0,1.0,17.0,1.0,0.308,0.343,0.651,5.0,0.4,0.0,0.0489999999999999,0.1473684210526315,0.1789473684210526,0.3230769230769231,6,17,30,0.57,0,0.86,3.8,0.074,10.9,0.244
2026,37,김형준,NC,0.259,20,69,58,4,15,2,0,1,20,10,0,0,10.0,0.0,1.0,25.0,2.0,0.328,0.359,0.687,3.0,0.238,0.0,0.069,0.144927536231884,0.3623188405797101,0.4375,3,10,10,1.0,0,0.43,4.1,0.086,7.8,0.256
2026,38,심우준,한화,0.254,18,68,59,15,15,4,0,2,25,10,0,0,,,,,,,,,,,,,,,,6,18,11,1.64,0,0.53,4.01,0.169,10.1,0.265
2026,39,카메론,두산,0.253,22,90,87,10,22,8,1,5,47,8,0,0,2.0,0.0,1.0,27.0,4.0,0.531,0.284,0.815,7.0,0.045,1.0,0.278,0.0222222222222222,0.3,0.3090909090909091,14,13,26,0.5,0,0.08,3.58,0.287,11.7,0.26
2026,40,채은성,한화,0.25,21,91,80,9,20,1,0,2,27,10,0,2,8.0,0.0,2.0,17.0,2.0,0.314,0.306,0.62,7.0,0.235,0.0,0.064,0.0879120879120879,0.1868131868131868,0.2857142857142857,3,19,27,0.7,0,0.44,3.68,0.088,10.2,0.228
2026,40,김지찬,삼성,0.25,21,95,76,17,19,3,1,0,24,6,0,1,18.0,1.0,2.0,8.0,1.0,0.337,0.391,0.728,6.0,0.375,0.0,0.087,0.1894736842105263,0.0842105263157894,0.2753623188405797,4,23,28,0.82,0,2.29,3.59,0.066,12.3,0.254
2026,40,최정원,NC,0.25,19,68,52,7,13,0,0,0,13,1,5,0,,,,,,,,,,,,,,,,0,15,13,1.15,0,0.64,3.96,0.0,7.4,0.234
2026,40,이강민,KT,0.25,22,77,72,7,18,1,0,0,19,11,1,1,2.0,0.0,1.0,17.0,2.0,0.272,0.282,0.554,5.0,0.348,0.0,0.022,0.0259740259740259,0.2207792207792207,0.3214285714285714,1,21,19,1.11,1,0.13,3.38,0.014,4.9,0.19
2026,40,나성범,KIA,0.25,20,86,72,11,18,2,0,3,29,15,0,1,14.0,0.0,1.0,27.0,0.0,0.432,0.381,0.813,5.0,0.412,0.0,0.182,0.1627906976744186,0.313953488372093,0.3488372093023256,5,17,15,1.13,3,0.52,4.03,0.153,12.0,0.263
2026,40,김건희,키움,0.25,21,75,64,6,16,4,0,1,23,9,0,3,10.0,1.0,0.0,25.0,3.0,0.352,0.333,0.685,4.0,0.263,0.0,0.1019999999999999,0.1333333333333333,0.3333333333333333,0.3658536585365853,5,16,11,1.45,1,0.33,3.99,0.109,8.3,0.234
2026,46,안치홍,키움,0.247,21,91,77,5,19,5,0,0,24,4,0,0,15.0,0.0,0.0,18.0,3.0,0.393,0.385,0.778,6.0,0.222,1.0,0.146,0.1648351648351648,0.1978021978021978,0.3220338983050847,5,21,20,1.05,0,0.82,4.08,0.065,8.9,0.241
2026,47,장성우,KT,0.247,22,90,73,16,18,5,0,6,41,19,0,1,19.0,3.0,0.0,22.0,5.0,0.566,0.388,0.954,7.0,0.31,0.5,0.3189999999999999,0.2111111111111111,0.2444444444444444,0.2608695652173913,11,14,22,0.64,2,0.8,4.36,0.315,14.8,0.311
2026,48,김도영,KIA,0.241,22,98,83,17,20,4,0,6,42,19,0,1,14.0,2.0,2.0,19.0,4.0,0.553,0.351,0.904,4.0,0.37,0.0,0.312,0.1428571428571428,0.1938775510204081,0.2372881355932203,10,20,28,0.71,2,0.81,3.55,0.265,14.4,0.283
2026,49,박동원,LG,0.237,20,74,59,11,14,4,0,1,21,11,0,2,12.0,0.0,1.0,22.0,2.0,0.324,0.337,0.661,2.0,0.148,0.0,0.087,0.1621621621621621,0.2972972972972973,0.3421052631578947,5,15,14,1.07,0,0.67,4.03,0.119,9.1,0.253
2026,50,강민호,삼성,0.236,20,65,55,4,13,3,0,0,16,8,0,0,9.0,0.0,1.0,22.0,1.0,0.262,0.32,0.582,3.0,0.28,0.0,0.026,0.1384615384615384,0.3384615384615385,0.3939393939393939,3,10,15,0.67,1,0.53,4.43,0.055,5.6,0.232
2026,51,양석환,두산,0.234,19,73,64,5,15,3,0,1,21,4,0,2,8.0,1.0,0.0,23.0,0.0,0.329,0.31,0.639,4.0,0.0,0.0,0.095,0.1095890410958904,0.3150684931506849,0.3333333333333333,4,6,24,0.25,0,0.33,4.12,0.094,7.6,0.217
2026,52,힐리어드,KT,0.233,22,101,86,16,20,3,1,3,34,12,0,3,12.0,0.0,0.0,31.0,1.0,0.429,0.301,0.73,7.0,0.233,0.0,0.1959999999999999,0.1188118811881188,0.3069306930693069,0.3090909090909091,7,20,23,0.87,0,0.46,3.67,0.163,13.1,0.241
2026,53,김주원,NC,0.229,21,97,83,9,19,3,0,2,28,3,0,0,10.0,0.0,5.0,15.0,0.0,0.411,0.373,0.784,7.0,0.125,0.0,0.1819999999999999,0.1030927835051546,0.1546391752577319,0.2575757575757575,5,18,33,0.55,1,0.77,3.93,0.108,11.8,0.237
2026,54,양의지,두산,0.227,22,94,75,8,17,4,0,2,27,11,0,4,12.0,0.0,6.0,8.0,3.0,0.329,0.336,0.665,2.0,0.158,0.0,0.102,0.1276595744680851,0.0851063829787234,0.217391304347826,6,22,33,0.67,0,1.43,3.83,0.133,11.5,0.243
2026,55,정수빈,두산,0.216,22,87,74,7,16,0,0,2,22,10,1,0,10.0,0.0,2.0,16.0,0.0,0.31,0.333,0.643,5.0,0.333,0.0,0.094,0.1149425287356321,0.1839080459770115,0.25,2,22,22,1.0,2,0.71,4.53,0.081,9.4,0.221
2026,56,최주환,키움,0.212,20,71,66,3,14,2,0,1,19,9,0,1,5.0,0.0,0.0,14.0,5.0,0.301,0.266,0.567,4.0,0.227,0.333,0.089,0.0704225352112676,0.1971830985915492,0.25,3,19,22,0.86,0,0.33,4.2,0.076,3.9,0.186
2026,57,데이비슨,NC,0.208,20,81,72,8,15,3,0,3,27,10,0,1,5.0,0.0,4.0,21.0,2.0,0.361,0.29,0.651,3.0,0.318,0.0,0.153,0.0617283950617283,0.2592592592592592,0.2448979591836734,6,15,26,0.58,1,0.29,3.98,0.167,8.2,0.222
2026,58,전준우,롯데,0.205,21,86,78,5,16,2,0,1,21,3,0,1,7.0,0.0,0.0,12.0,2.0,0.326,0.289,0.615,5.0,0.174,0.0,0.121,0.0813953488372093,0.1395348837209302,0.2272727272727272,3,24,28,0.86,0,0.64,3.74,0.064,5.4,0.187
2026,59,최지훈,SSG,0.197,21,87,76,15,15,4,0,4,31,14,1,1,7.0,0.0,2.0,15.0,2.0,0.407,0.281,0.688,4.0,0.261,0.0,0.2099999999999999,0.0804597701149425,0.1724137931034483,0.1896551724137931,8,20,29,0.69,2,0.54,4.33,0.211,9.8,0.228
2026,60,신민재,LG,0.191,21,78,68,3,13,0,0,0,13,5,2,0,10.0,0.0,0.0,16.0,2.0,0.171,0.267,0.438,2.0,0.304,0.0,-0.0199999999999999,0.1282051282051282,0.2051282051282051,0.25,0,31,10,3.1,0,0.57,3.97,0.0,3.7,0.172
2026,61,윤동희,롯데,0.19,17,67,63,3,12,3,0,3,24,7,0,0,,,,,,,,,,,,,,,,6,13,21,0.62,1,0.18,3.94,0.19,4.6,0.203
2026,62,노시환,한화,0.169,14,67,59,7,10,1,0,1,14,4,1,0,6.0,0.0,2.0,26.0,2.0,0.243,0.256,0.499,4.0,0.083,0.0,0.0739999999999999,0.0895522388059701,0.3880597014925373,0.28125,2,10,16,0.63,0,0.26,4.1,0.068,3.3,0.175
2026,63,홍창기,LG,0.148,17,72,54,6,8,2,0,0,10,3,0,0,20.0,0.0,3.0,20.0,1.0,0.219,0.391,0.61,2.0,0.188,0.0,0.071,0.2777777777777778,0.2777777777777778,0.2352941176470588,2,23,7,3.29,1,0.94,4.71,0.037,6.3,0.209
2026,64,김재환,SSG,0.11,21,91,73,7,8,1,0,2,15,9,0,1,18.0,0.0,0.0,25.0,2.0,0.195,0.267,0.462,2.0,0.179,0.0,0.085,0.1978021978021978,0.2747252747252747,0.1276595744680851,3,23,20,1.15,0,0.74,3.97,0.096,5.5,0.175
