연도,순위,선수명,팀명,ERA,G,W,L,SV,HLD,WPCT,IP,H,HR,BB,HBP,SO,R,ER,WHIP,K9,BB9,FIP,GS,Wgs,Wgr,GF,SVO,TS,GDP,GO,AO,GO/AO
2022,1,안우진,키움,2.11,30,15,8,0,0,0.652,196.0,131,4,55,4,224,51,46,0.95,10.285714285714285,2.5255102040816326,2.08265306122449,30,15,0,1,0,0,10,160,187,0.86
2022,2,김광현,SSG,2.13,28,13,3,0,0,0.813,173.33333333333334,141,10,45,5,153,48,41,1.07,7.944230769230769,2.336538461538461,3.0500000000000003,28,13,0,0,0,0,22,181,163,1.11
2022,3,플럿코,LG,2.39,28,15,5,0,0,0.75,162.0,125,13,38,2,149,53,43,1.01,8.277777777777777,2.111111111111111,3.144444444444445,28,15,0,0,0,0,14,105,221,0.48
2022,4,수아레즈,삼성,2.49,30,6,8,0,0,0.429,173.66666666666666,151,7,50,4,159,61,48,1.16,8.23992322456814,2.5911708253358925,2.8257197696737046,29,6,0,0,0,0,16,194,149,1.3
2022,5,켈리,LG,2.54,27,16,4,0,0,0.8,166.33333333333334,144,10,35,2,153,50,47,1.08,8.278557114228455,1.8937875751503004,2.809218436873748,27,16,0,0,0,0,14,179,149,1.2
2022,6,요키시,키움,2.57,30,10,8,0,0,0.556,185.33333333333331,169,8,33,5,154,61,53,1.09,7.47841726618705,1.6025179856115108,2.714388489208633,30,10,0,0,0,0,14,238,135,1.76
2022,7,폰트,SSG,2.69,28,13,6,0,0,0.684,184.0,141,18,34,6,170,63,55,0.95,8.315217391304348,1.6630434782608694,3.2760869565217394,28,13,0,1,0,0,5,153,222,0.69
2022,8,루친스키,NC,2.97,31,10,12,0,0,0.455,193.66666666666663,184,14,34,8,194,77,64,1.13,9.015490533562824,1.5800344234079176,2.7869191049913944,31,10,0,0,0,0,13,208,157,1.32
2022,9,뷰캐넌,삼성,3.04,26,11,8,0,0,0.579,160.0,176,10,39,8,117,61,54,1.34,6.58125,2.19375,3.4312500000000004,26,11,0,1,0,0,15,220,122,1.8
2022,10,소형준,KT,3.05,27,13,6,0,0,0.684,171.33333333333334,158,8,39,5,117,68,58,1.15,6.14591439688716,2.04863813229572,3.211673151750973,27,13,0,0,0,0,19,230,146,1.58
2022,11,고영표,KT,3.26,28,13,8,0,0,0.619,182.33333333333331,191,7,23,16,156,69,66,1.17,7.70018281535649,1.1352833638025597,2.6296160877513715,28,13,0,1,0,0,19,238,128,1.86
2022,12,스탁,두산,3.6,29,9,10,0,0,0.474,165.0,162,9,83,10,138,87,66,1.48,7.5272727272727264,4.527272727272727,3.927272727272728,29,9,0,0,0,0,25,196,130,1.51
2022,12,최원준,두산,3.6,30,8,13,0,0,0.381,165.0,183,21,37,7,113,80,66,1.33,6.163636363636363,2.018181818181818,4.284848484848485,30,8,0,0,0,0,11,124,243,0.51
2022,14,반즈,롯데,3.62,31,12,12,0,0,0.5,186.33333333333331,176,8,47,18,160,87,75,1.2,7.728085867620751,2.270125223613596,3.0872987477638643,31,12,0,0,0,0,16,198,180,1.1
2022,15,곽빈,두산,3.78,27,8,9,0,0,0.471,147.66666666666666,143,13,60,11,138,69,62,1.37,8.410835214446953,3.656884875846501,3.9178329571106096,27,8,0,0,0,0,8,118,168,0.7
2022,16,양현종,KIA,3.85,30,12,7,0,0,0.632,175.33333333333334,170,14,50,3,141,86,75,1.25,7.23764258555133,2.5665399239543727,3.5365019011406846,30,12,0,0,0,0,12,181,189,0.96
2022,17,이의리,KIA,3.86,29,10,10,0,0,0.5,154.0,128,18,74,9,161,79,66,1.31,9.409090909090908,4.324675324675325,4.245454545454546,28,10,0,0,0,0,7,131,164,0.8
2022,18,박세웅,롯데,3.89,28,10,11,0,0,0.476,157.33333333333334,179,8,32,8,146,80,68,1.34,8.351694915254237,1.830508474576271,2.7677966101694915,28,10,0,0,0,0,16,195,111,1.76
2022,19,원태인,삼성,3.92,27,10,8,0,0,0.556,165.33333333333334,175,16,38,4,130,75,72,1.29,7.076612903225806,2.068548387096774,3.64758064516129,27,10,0,0,0,0,11,170,178,0.96
2022,20,김민우,한화,4.36,29,6,11,0,0,0.353,163.0,143,16,84,8,129,82,79,1.39,7.122699386503068,4.638036809815951,4.586503067484663,29,6,0,1,0,0,16,155,181,0.86
2022,21,오원석,SSG,4.5,31,6,8,0,0,0.429,144.0,158,16,58,3,112,79,72,1.5,7.0,3.625,4.359722222222223,24,5,1,0,2,0,17,137,160,0.86
2022,22,데스파이네,KT,4.53,30,8,12,0,0,0.4,163.0,198,14,48,9,123,94,82,1.51,6.791411042944785,2.650306748466258,3.856441717791411,29,8,0,0,0,0,22,202,133,1.52
2023,1,페디,NC,2.0,30,20,6,0,0,0.769,180.33333333333331,137,9,35,4,209,46,40,0.95,10.430683918669132,1.7467652495378927,2.179667282809612,30,20,0,0,0,0,11,200,118,1.69
2023,2,안우진,키움,2.39,24,9,7,0,0,0.563,150.66666666666666,121,5,38,1,164,44,40,1.06,9.796460176991152,2.269911504424779,2.2309734513274337,24,9,0,0,0,0,8,127,152,0.84
2023,3,뷰캐넌,삼성,2.54,30,12,8,0,0,0.6,188.0,174,4,43,6,139,71,53,1.15,6.654255319148937,2.0585106382978724,2.779787234042553,30,12,0,1,0,0,12,252,162,1.56
2023,4,후라도,키움,2.65,30,11,8,0,0,0.579,183.66666666666663,164,7,41,9,147,64,54,1.12,7.203266787658803,2.0090744101633398,2.911433756805808,30,11,0,0,0,0,9,216,182,1.19
2023,5,알칸타라,두산,2.67,31,13,9,0,0,0.591,192.0,171,16,35,5,162,67,57,1.07,7.59375,1.640625,3.2208333333333337,31,13,0,0,0,0,8,194,200,0.97
2023,6,고영표,KT,2.78,28,12,7,0,0,0.632,174.66666666666666,181,7,19,9,114,57,54,1.15,5.874045801526718,0.9790076335877864,2.896564885496183,27,12,0,1,0,0,16,227,154,1.47
2023,7,원태인,삼성,3.24,26,7,7,0,0,0.5,150.0,157,15,34,6,102,61,54,1.27,6.12,2.04,3.94,26,7,0,0,0,0,10,147,183,0.8
2023,8,반즈,롯데,3.28,30,11,10,0,0,0.524,170.33333333333334,171,6,56,15,147,68,62,1.33,7.767123287671232,2.958904109589041,3.1823874755381607,30,11,0,0,0,0,13,176,160,1.1
2023,9,임찬규,LG,3.42,30,14,3,0,1,0.824,144.66666666666666,142,10,54,5,103,63,55,1.35,6.407834101382489,3.359447004608296,3.89815668202765,26,14,0,1,0,0,9,165,156,1.06
2023,10,박세웅,롯데,3.45,27,9,7,0,0,0.563,154.0,145,8,59,4,129,70,59,1.32,7.538961038961039,3.448051948051948,3.4272727272727272,27,9,0,0,0,0,9,177,137,1.29
2023,11,김광현,SSG,3.53,30,9,8,0,0,0.529,168.33333333333334,163,11,70,2,119,75,66,1.38,6.362376237623762,3.7425742574257423,3.918811881188119,30,9,0,0,0,0,19,179,174,1.03
2023,12,벤자민,KT,3.54,29,15,6,0,0,0.714,160.0,149,12,45,3,157,79,63,1.21,8.831249999999999,2.53125,3.1125000000000003,29,15,0,0,0,0,4,158,163,0.97
2023,13,양현종,KIA,3.58,29,9,11,0,0,0.45,171.0,181,13,48,1,133,78,68,1.34,7.0,2.526315789473684,3.492397660818713,29,9,0,0,0,0,11,172,182,0.95
2023,14,페냐,한화,3.6,32,11,11,0,0,0.5,177.33333333333334,149,14,59,18,147,82,71,1.17,7.460526315789473,2.994360902255639,3.871052631578948,32,11,0,0,0,0,11,189,179,1.06
2023,15,켈리,LG,3.83,30,10,7,0,0,0.588,178.66666666666666,183,10,39,6,129,87,76,1.24,6.498134328358209,1.9645522388059704,3.239179104477612,30,10,0,0,0,0,17,172,211,0.82
2023,16,최원태,LG,4.3,26,9,7,0,0,0.563,146.66666666666666,149,12,46,7,118,73,70,1.33,7.240909090909091,2.8227272727272728,3.738636363636364,26,9,0,0,0,0,6,142,160,0.89
2023,17,오원석,SSG,5.23,28,8,10,0,0,0.444,144.66666666666666,158,11,69,9,88,92,84,1.57,5.474654377880185,4.2926267281106,4.589400921658987,27,7,1,1,0,0,17,159,160,0.99
2024,1,네일,KIA,2.53,26,12,5,0,0,0.706,149.33333333333334,154,11,35,9,138,69,42,1.27,8.316964285714285,2.109375,3.193303571428572,26,12,0,0,0,0,16,188,115,1.63
2024,2,하트,NC,2.69,26,13,3,0,0,0.813,157.0,124,11,38,11,182,51,47,1.03,10.43312101910828,2.178343949044586,2.728662420382166,26,13,0,0,0,0,7,142,131,1.08
2024,3,반즈,롯데,3.35,25,9,6,0,0,0.6,150.66666666666666,140,18,46,5,171,59,56,1.23,10.214601769911503,2.7477876106194694,3.4986725663716816,25,9,0,0,0,0,18,154,103,1.5
2024,4,후라도,키움,3.36,30,10,8,0,0,0.556,190.33333333333331,185,19,32,9,169,78,71,1.14,7.99124343257443,1.5131348511383538,3.368126094570928,30,10,0,0,0,0,21,211,166,1.27
2024,5,코너,삼성,3.43,28,11,6,0,0,0.647,160.0,135,21,40,19,158,67,61,1.09,8.887500000000001,2.25,4.0375000000000005,28,11,0,1,0,0,7,123,186,0.66
2024,6,원태인,삼성,3.66,28,15,6,0,0,0.714,159.66666666666666,150,17,42,7,119,68,65,1.2,6.707724425887266,2.367432150313153,4.01419624217119,28,15,0,1,0,0,6,160,186,0.86
2024,7,헤이수스,키움,3.68,30,13,11,0,0,0.542,171.33333333333334,171,22,44,14,178,78,70,1.25,9.350194552529182,2.311284046692607,3.807003891050584,30,13,0,0,0,0,12,149,169,0.88
2024,8,손주영,LG,3.79,28,9,10,0,1,0.474,144.66666666666666,157,11,54,10,112,71,61,1.46,6.967741935483872,3.359447004608296,3.967281105990784,27,9,0,0,0,0,16,173,125,1.38
2024,9,레예스,삼성,3.81,26,11,4,0,0,0.733,144.0,159,15,30,7,114,65,61,1.31,7.125,1.875,3.7416666666666663,26,11,0,0,0,0,7,144,158,0.91
2024,10,윌커슨,롯데,3.84,32,12,8,0,0,0.6,196.66666666666663,210,18,27,2,167,90,84,1.21,7.642372881355932,1.235593220338983,3.1338983050847458,32,12,0,1,0,0,11,175,232,0.75
2024,11,류현진,한화,3.87,28,10,8,0,0,0.556,158.33333333333334,182,12,33,3,135,78,68,1.36,7.673684210526316,1.8757894736842105,3.162105263157895,28,10,0,0,0,0,18,182,140,1.3
2024,12,양현종,KIA,4.1,29,11,5,0,0,0.688,171.33333333333334,174,21,41,6,129,86,78,1.25,6.776264591439689,2.1536964980544746,4.110505836575876,29,11,0,2,0,0,14,174,201,0.87
2024,13,쿠에바스,KT,4.1,31,7,12,0,0,0.368,173.33333333333334,158,17,59,7,154,86,79,1.25,7.996153846153845,3.0634615384615382,3.840384615384616,31,7,0,0,0,0,9,155,199,0.78
2024,14,엔스,LG,4.19,30,13,6,0,0,0.684,167.66666666666666,169,16,50,6,157,84,78,1.31,8.427435387673956,2.6838966202783303,3.569781312127237,30,13,0,0,0,0,12,167,156,1.07
2024,15,곽빈,두산,4.24,30,15,9,0,0,0.625,167.66666666666666,142,11,76,6,154,83,79,1.3,8.266401590457257,4.079522862823062,3.6831013916501,30,15,0,0,0,0,10,140,192,0.73
2024,16,하영민,키움,4.37,28,9,8,0,0,0.529,150.33333333333334,168,8,58,5,101,82,73,1.5,6.046563192904656,3.4722838137472283,3.805321507760533,28,9,0,0,0,0,13,155,182,0.85
2024,17,벤자민,KT,4.63,28,11,8,0,0,0.579,149.66666666666666,141,28,48,4,156,90,77,1.26,9.380846325167038,2.8864142538975504,4.589755011135858,28,11,0,0,0,0,8,143,141,1.01
2024,18,박세웅,롯데,4.78,30,6,11,0,0,0.353,173.33333333333334,188,13,56,11,124,103,92,1.41,6.438461538461539,2.907692307692307,3.903846153846154,30,6,0,0,0,0,18,205,172,1.19
2024,19,엄상백,KT,4.88,29,13,10,0,0,0.565,156.66666666666666,164,26,42,7,159,88,85,1.31,9.134042553191488,2.4127659574468083,4.26595744680851,29,13,0,0,0,0,4,105,193,0.54
2024,20,김광현,SSG,4.93,31,12,10,0,0,0.545,162.33333333333334,162,24,73,6,154,95,89,1.45,8.537987679671458,4.047227926078028,4.6845995893223815,31,12,0,0,0,0,18,157,152,1.03
2025,1,폰세,한화,1.89,29,17,1,0,0,0.944,180.66666666666663,128,10,41,6,252,41,38,0.94,12.55350553505535,2.0424354243542435,1.9103321033210332,29,17,0,0,0,0,14,145,122,1.19
2025,2,네일,KIA,2.25,27,8,4,0,0,0.667,164.33333333333334,135,6,41,15,152,46,41,1.07,8.324543610547668,2.2454361054766734,2.847058823529412,27,8,0,0,0,0,18,204,110,1.85
2025,3,앤더슨,SSG,2.25,30,12,7,0,0,0.632,171.66666666666666,121,13,51,9,245,53,43,1.0,12.844660194174756,2.6737864077669906,2.3786407766990294,30,12,0,0,0,0,7,130,134,0.97
2025,4,후라도,삼성,2.6,30,15,8,0,0,0.652,197.33333333333331,177,17,36,4,142,65,57,1.08,6.476351351351351,1.641891891891892,3.4888513513513515,30,15,0,3,0,0,23,249,173,1.44
2025,5,잭로그,두산,2.81,30,10,8,0,1,0.556,176.0,146,8,39,17,156,66,55,1.05,7.977272727272727,1.9943181818181817,2.972727272727273,29,10,0,0,1,0,15,204,149,1.37
2025,6,와이스,한화,2.87,30,16,5,0,0,0.762,178.66666666666666,127,13,56,13,207,63,57,1.02,10.42723880597015,2.82089552238806,2.987313432835821,30,16,0,0,0,0,7,168,150,1.12
2025,7,임찬규,LG,3.03,27,11,7,0,0,0.611,160.33333333333334,163,9,40,6,107,61,54,1.27,6.006237006237006,2.245322245322245,3.455717255717256,27,11,0,1,0,0,19,175,174,1.01
2025,8,원태인,삼성,3.24,27,12,4,0,0,0.75,166.66666666666666,157,20,27,6,108,66,60,1.1,5.832,1.458,4.058,27,12,0,0,0,0,18,173,189,0.92
2025,9,고영표,KT,3.3,29,11,8,0,0,0.579,161.0,170,10,30,15,154,70,59,1.24,8.608695652173914,1.6770186335403725,2.932919254658385,26,11,0,2,0,0,14,190,119,1.6
2025,10,소형준,KT,3.3,26,10,7,1,0,0.588,147.33333333333334,155,6,29,3,123,60,54,1.25,7.513574660633483,1.7714932126696832,2.7113122171945703,24,10,0,1,1,0,13,189,112,1.69
2025,11,치리노스,LG,3.31,30,13,6,0,0,0.684,177.0,173,5,36,9,137,71,65,1.18,6.966101694915254,1.8305084745762712,2.7819209039548025,30,13,0,0,0,0,11,251,123,2.04
2025,12,손주영,LG,3.41,30,11,6,0,0,0.647,153.0,153,8,49,4,132,67,58,1.32,7.764705882352942,2.88235294117647,3.193464052287582,27,11,0,0,0,0,23,187,114,1.64
2025,13,라일리,NC,3.45,30,17,7,0,0,0.708,172.0,136,18,56,3,216,76,66,1.12,11.30232558139535,2.930232558139535,3.0779069767441865,30,17,0,0,0,0,5,134,160,0.84
2025,14,송승기,LG,3.5,28,11,6,0,0,0.647,144.0,149,15,49,1,125,61,56,1.38,7.8125,3.0625,3.8597222222222234,27,11,0,0,0,0,6,109,191,0.57
2025,15,올러,KIA,3.62,26,11,7,0,0,0.611,149.0,125,8,47,8,169,64,60,1.15,10.208053691275168,2.838926174496644,2.7369127516778526,26,11,0,1,0,0,5,123,143,0.86
2025,16,헤이수스,KT,3.96,32,9,9,0,1,0.5,163.66666666666666,173,17,44,8,165,85,72,1.33,9.073319755600815,2.419551934826884,3.4871690427698576,30,9,0,0,0,0,7,171,143,1.2
2025,17,콜어빈,두산,4.48,28,8,12,0,0,0.4,144.66666666666666,142,9,79,18,128,80,72,1.53,7.9631336405529956,4.9147465437788025,4.250691244239632,28,8,0,0,0,0,16,147,121,1.21
2025,18,로건,NC,4.53,32,7,12,0,0,0.368,173.0,180,18,67,10,149,98,87,1.43,7.751445086705202,3.485549132947977,4.165317919075145,31,7,0,0,0,0,13,188,173,1.09
2025,19,박세웅,롯데,4.93,29,11,13,0,0,0.458,160.66666666666666,183,15,54,8,156,99,88,1.48,8.738589211618258,3.0248962655601663,3.629460580912864,28,11,0,0,0,0,9,171,142,1.2
2025,20,하영민,키움,4.99,28,7,14,0,0,0.333,153.33333333333334,169,13,41,9,134,90,85,1.37,7.8652173913043475,2.4065217391304348,3.532608695652174,28,7,0,0,0,0,8,144,164,0.88
2025,21,김광현,SSG,5.0,28,10,10,0,0,0.5,144.0,164,13,50,4,138,86,80,1.49,8.625,3.125,3.581944444444445,28,10,0,0,0,0,15,149,126,1.18
2025,22,양현종,KIA,5.06,30,7,9,0,0,0.438,153.0,171,12,57,4,109,101,86,1.49,6.411764705882353,3.3529411764705883,3.9908496732026144,30,7,0,0,0,0,15,153,175,0.87
2026,1,보쉴리,KT,0.78,4,4,0,0,0,1.0,23.0,21,0,5,0,21,2,2,1.13,8.217391304347826,1.9565217391304348,2.0260869565217394,4,4,0,0,0,0,3,24,21,1.14
2026,2,올러,KIA,1.11,4,3,0,0,0,1.0,24.33333333333333,15,0,7,2,20,4,3,0.9,7.397260273972603,2.589041095890411,2.6657534246575345,4,3,0,0,0,0,3,27,25,1.08
2026,3,최민석,두산,1.14,4,3,0,0,0,1.0,23.666666666666668,14,1,14,2,17,5,3,1.18,6.464788732394366,5.323943661971831,4.340845070422535,4,3,0,0,0,0,4,30,22,1.36
2026,4,웰스,LG,1.44,4,2,1,0,0,0.667,25.0,15,1,5,0,16,4,4,0.8,5.76,1.8,3.04,4,2,0,0,0,0,0,26,32,0.81
2026,5,후라도,삼성,1.97,5,2,1,0,0,0.667,32.0,28,4,4,1,20,8,7,1.0,5.625,1.125,4.04375,5,2,0,0,0,0,2,42,34,1.24
2026,6,오원석,KT,2.01,4,2,1,0,0,0.667,22.33333333333333,21,1,4,0,21,7,5,1.12,8.46268656716418,1.611940298507463,2.4388059701492537,4,2,0,0,0,0,3,25,18,1.39
2026,7,나균안,롯데,2.08,4,0,2,0,0,0.0,21.666666666666668,20,1,8,2,16,7,5,1.29,6.646153846153846,3.323076923076923,3.707692307692308,4,0,0,0,0,0,1,21,24,0.88
2026,8,왕옌청,한화,2.28,5,2,2,0,0,0.5,27.666666666666668,27,1,9,2,26,13,7,1.3,8.457831325301203,2.927710843373494,2.983132530120482,5,2,0,0,0,0,4,34,17,2.0
2026,9,구창모,NC,2.54,5,3,0,0,0,1.0,28.33333333333333,19,2,9,1,18,8,8,0.99,5.71764705882353,2.858823529411765,3.905882352941177,5,3,0,0,0,0,3,36,28,1.29
2026,10,알칸타라,키움,2.56,5,2,2,0,0,0.5,31.666666666666668,37,4,4,0,34,10,9,1.29,9.663157894736845,1.136842105263158,3.073684210526316,5,2,0,0,0,0,4,25,33,0.76
2026,11,네일,KIA,2.57,5,1,1,0,0,0.5,28.0,23,1,5,4,21,8,8,1.0,6.75,1.6071428571428572,3.128571428571429,5,1,0,0,0,0,3,41,19,2.16
2026,12,김진욱,롯데,2.59,4,2,1,0,0,0.667,24.33333333333333,18,2,8,0,24,7,7,1.07,8.876712328767123,2.9589041095890414,3.282191780821918,4,2,0,0,0,0,2,23,21,1.1
2026,13,박세웅,롯데,3.0,4,0,3,0,0,0.0,21.0,23,2,9,3,18,12,7,1.52,7.7142857142857135,3.8571428571428568,4.438095238095238,4,0,0,0,0,0,0,22,21,1.05
2026,14,곽빈,두산,3.25,5,1,2,0,0,0.333,27.666666666666668,26,2,12,1,35,13,10,1.37,11.385542168674698,3.903614457831325,3.019277108433735,5,1,0,0,0,0,2,20,27,0.74
2026,15,톨허스트,LG,3.43,4,3,1,0,0,0.75,21.0,16,2,9,2,17,8,8,1.19,7.285714285714286,3.8571428571428568,4.390476190476191,4,3,0,0,0,0,2,20,24,0.83
2026,16,사우어,KT,4.08,5,1,1,0,0,0.5,28.666666666666668,25,2,13,3,23,13,13,1.33,7.220930232558139,4.0813953488372094,4.176744186046512,5,1,0,0,0,0,4,23,36,0.64
2026,17,와일스,키움,4.13,4,0,3,0,0,0.0,24.0,32,2,2,1,17,12,11,1.42,6.375,0.75,3.2416666666666667,4,0,0,0,0,0,0,29,25,1.16
2026,18,로드리게스,롯데,4.18,5,3,1,0,0,0.75,28.0,27,4,14,1,27,13,13,1.46,8.678571428571429,4.5,4.735714285714286,5,3,0,0,1,0,4,26,27,0.96
2026,19,신민혁,NC,4.29,4,0,2,0,0,0.0,21.0,17,4,7,2,10,10,10,1.14,4.285714285714286,3.0,6.0095238095238095,4,0,0,0,0,0,2,21,28,0.75
2026,20,소형준,KT,4.33,5,3,0,0,0,1.0,27.0,32,2,6,2,27,14,13,1.41,9.0,2.0,3.0518518518518523,5,3,0,0,0,0,4,37,14,2.64
2026,21,화이트,SSG,4.39,5,1,1,0,0,0.5,26.666666666666668,32,1,13,1,25,14,13,1.69,8.4375,4.3875,3.3875,5,1,0,0,0,0,3,29,23,1.26
2026,22,오러클린,삼성,4.5,5,0,1,0,0,0.0,22.0,20,0,10,5,22,11,11,1.36,9.0,4.090909090909091,3.2454545454545456,5,0,0,0,0,0,0,20,18,1.11
2026,22,잭로그,두산,4.5,5,1,3,0,0,0.25,30.0,34,2,6,0,26,17,15,1.33,7.800000000000001,1.8,2.9333333333333336,5,1,0,0,0,0,0,35,28,1.25
2026,24,에르난데스,한화,7.17,5,2,2,0,0,0.5,21.33333333333333,25,2,12,0,12,18,17,1.73,5.0625,5.0625,4.98125,5,2,0,0,0,0,4,21,27,0.78
