연도,순위,팀명,경기,승,패,무,승률,게임차,홈승,홈무,홈패,원정승,원정무,원정패,홈승률,원정승률,가을야구,bat_AVG,bat_OBP,bat_SLG,bat_OPS,bat_HR,bat_R,bat_RBI,bat_H,bat_2B,bat_3B,bat_BB,bat_HBP,bat_SO,bat_SF,bat_PA,bat_AB,bat_ISO,bat_BB_pct,bat_K_pct,bat_wOBA,pit_ERA,pit_WHIP,pit_K9,pit_BB9,pit_FIP,pit_SV,pit_HLD,pit_W,pit_L,pit_R,pit_IP,pit_SO,pit_BB,pit_HR,def_FPCT,def_E,def_DP,def_PB,run_SB,run_SB%,run_OOB,run_PKO,run_SBA,run_CS,득실차,기대승률,승률_운,평균순위,순위변동성,최고순위,최저순위
2022,1,SSG,144,88,52,4,0.629,0.0,49,0,23,39,4,29,0.6805555555555556,0.5735294117647058,1.0,0.254,0.336,0.396,0.732,138,720,682,1245,242,18,530,95,1075,47,5642,4893,0.142,0.0939383197447713,0.1905352711804324,0.3215579581708614,3.87,1.29,7.0750512295081975,3.160604508196722,4.129815573770492,45,68,88,52,622,1301.3333333333333,1023,457,130,0.98,109,138,4,98,71.5,42,4,137,39,98.0,0.5665,0.0625,1.0,0.0,1,1
2022,2,키움,144,80,62,2,0.563,9.0,39,1,32,41,1,30,0.5492957746478874,0.5774647887323944,1.0,0.252,0.333,0.364,0.697,94,621,578,1250,203,33,527,92,1032,34,5655,4953,0.1119999999999999,0.0931918656056587,0.1824933687002652,0.3107586206896552,3.79,1.34,7.012085368989458,3.401902802777064,3.900437130367704,48,84,80,62,610,1296.3333333333333,1010,490,96,0.979,118,134,7,63,75.9,42,8,83,20,11.0,0.5082,0.0548,3.16,1.26,2,7
2022,3,LG,144,87,55,2,0.613,2.0,38,1,33,49,1,22,0.5352112676056338,0.6901408450704225,1.0,0.269,0.346,0.396,0.742,118,715,674,1325,208,33,501,103,924,46,5627,4927,0.127,0.0890350097743024,0.1642082814999111,0.3278851963746224,3.33,1.27,7.204192546583851,3.1513975155279503,3.7357142857142858,43,107,87,55,521,1288.0,1031,451,94,0.983,89,139,7,102,68.9,46,10,148,46,194.0,0.6409,-0.0279,2.49,0.74,1,5
2022,4,KT,144,80,62,2,0.563,9.0,40,1,31,40,1,31,0.5633802816901409,0.5633802816901409,1.0,0.254,0.33,0.375,0.705,119,631,588,1237,192,19,519,49,1183,44,5547,4864,0.121,0.0935640886965927,0.2132684333874166,0.3110041463854335,3.51,1.25,7.508544795442776,2.544795442775764,3.455567063697566,37,65,80,62,562,1287.3333333333333,1074,364,92,0.982,97,132,8,89,72.4,38,6,123,34,69.0,0.5528,0.0102,5.23,1.83,1,10
2022,5,KIA,144,70,73,1,0.49,19.5,31,0,41,39,1,32,0.4305555555555556,0.5492957746478874,1.0,0.272,0.349,0.398,0.747,113,720,677,1361,250,19,542,63,983,36,5703,5000,0.126,0.0950376994564264,0.172365421707873,0.3289900052603893,4.2,1.42,7.328470955978118,3.699400885647304,4.180724146913259,38,74,70,73,679,1279.6666666666667,1042,526,120,0.98,107,111,8,103,75.2,57,5,137,34,41.0,0.5268,-0.0368,5.08,1.05,3,8
2022,6,NC,144,67,74,3,0.475,21.5,35,3,34,32,0,40,0.5072463768115942,0.4444444444444444,0.0,0.257,0.334,0.375,0.709,105,646,613,1260,230,15,501,88,981,47,5585,4899,0.118,0.0897045658012533,0.1756490599820949,0.3143867502238138,3.9,1.36,8.169948186528497,3.6023316062176165,3.935233160621762,25,54,67,74,642,1286.6666666666667,1168,515,111,0.976,127,115,9,100,71.9,56,7,139,39,4.0,0.5028,-0.0278,8.18,1.44,6,10
2022,7,삼성,144,66,76,2,0.465,23.0,33,2,37,33,0,39,0.4714285714285714,0.4583333333333333,0.0,0.27,0.334,0.387,0.721,103,663,627,1358,241,19,446,54,1029,41,5647,5023,0.1169999999999999,0.0789799893748893,0.1822206481317513,0.3161537099344785,4.29,1.44,6.79020979020979,3.3426573426573425,4.262160062160063,34,71,66,76,695,1287.0,971,478,129,0.978,118,125,6,91,77.1,50,6,118,27,-32.0,0.4784,-0.0134,6.99,1.58,3,9
2022,8,롯데,144,64,76,4,0.457,24.0,27,3,42,37,1,34,0.391304347826087,0.5211267605633803,0.0,0.267,0.328,0.383,0.711,106,605,570,1320,227,16,417,54,991,42,5534,4948,0.1159999999999999,0.0753523671846765,0.1790748102638236,0.3121810625225876,4.45,1.46,8.426080166579906,3.4575741801145234,3.520145757418012,34,69,64,76,712,1280.6666666666667,1199,492,84,0.979,114,124,11,61,61.0,54,6,100,39,-107.0,0.426,0.031,6.16,1.67,1,8
2022,9,두산,144,60,82,2,0.423,29.0,29,1,42,31,1,40,0.4084507042253521,0.4366197183098591,0.0,0.255,0.324,0.365,0.689,101,638,592,1249,210,12,450,71,1007,45,5510,4891,0.1099999999999999,0.0816696914700544,0.1827586206896551,0.3056261343012704,4.45,1.48,6.873110995310057,3.904377279833247,4.327149557060969,32,68,60,82,721,1279.3333333333333,977,555,117,0.978,117,128,13,90,69.2,55,4,130,40,-83.0,0.4443,-0.0213,6.26,2.23,1,9
2022,10,한화,144,46,96,2,0.324,43.0,28,0,44,18,2,52,0.3888888888888889,0.2571428571428571,0.0,0.245,0.319,0.352,0.671,88,564,520,1196,217,19,497,52,1264,40,5513,4878,0.1069999999999999,0.0901505532378015,0.2292762561218937,0.2988608742971159,4.83,1.51,6.911432325886992,4.271747700394219,4.432325886990801,25,81,46,96,759,1268.3333333333333,974,602,112,0.975,134,111,8,93,65.5,49,6,142,49,-195.0,0.3674,-0.0434,9.59,0.66,6,10
2023,1,LG,144,86,56,2,0.606,0.0,45,1,25,41,1,31,0.6428571428571429,0.5694444444444444,1.0,0.279,0.361,0.394,0.755,93,767,714,1364,227,27,583,73,804,55,5687,4881,0.1149999999999999,0.1025145067698259,0.1413750659398628,0.3318603833304027,3.67,1.36,6.798711340206187,3.416752577319588,3.74819587628866,37,92,86,56,610,1293.3333333333333,977,491,74,0.976,128,131,10,166,62.2,78,15,267,101,157.0,0.6033,0.0027,1.46,0.79,1,6
2023,2,KT,144,79,62,3,0.56,6.5,41,2,30,38,1,32,0.5774647887323944,0.5428571428571428,1.0,0.265,0.338,0.371,0.709,89,672,621,1316,235,14,524,48,1074,47,5649,4973,0.1059999999999999,0.0927597804921225,0.19012214551248,0.3141387856257745,3.94,1.35,6.769230769230769,2.888111888111888,3.6133644133644136,39,61,79,62,616,1287.0,968,413,83,0.981,99,117,3,87,74.4,54,5,117,30,56.0,0.5397,0.0203,5.35,3.08,1,10
2023,3,SSG,144,76,65,3,0.539,9.5,39,2,32,37,1,33,0.5492957746478874,0.5285714285714286,1.0,0.26,0.336,0.389,0.725,125,658,611,1279,229,16,507,78,943,45,5630,4923,0.129,0.0900532859680284,0.1674955595026643,0.3186944937833037,4.37,1.53,6.804139715394567,4.27529107373868,4.31849935316947,46,71,76,65,698,1288.3333333333333,974,612,104,0.978,119,163,11,96,77.4,43,10,124,28,-40.0,0.473,0.066,2.38,1.36,1,6
2023,4,NC,144,75,67,2,0.528,11.0,41,1,29,34,1,38,0.5857142857142857,0.4722222222222222,1.0,0.27,0.345,0.387,0.732,98,679,642,1321,223,28,493,100,1005,55,5606,4895,0.1169999999999999,0.0879414912593649,0.1792722083481983,0.32315733143061,3.83,1.31,7.656087408949012,3.60327783558793,3.849323621227888,33,88,75,67,617,1281.3333333333333,1090,513,99,0.976,130,126,7,111,70.7,53,8,157,46,62.0,0.5437,-0.0157,3.79,0.99,1,8
2023,5,두산,144,74,68,2,0.521,12.0,37,1,35,37,1,33,0.5138888888888888,0.5285714285714286,1.0,0.255,0.332,0.373,0.705,100,620,565,1238,210,32,505,76,975,41,5538,4859,0.118,0.0911881545684362,0.176056338028169,0.3122336583604189,3.92,1.36,7.096782563570316,3.5098598858329004,3.895121951219513,41,70,74,68,625,1284.6666666666667,1013,501,90,0.978,114,108,12,133,73.5,52,11,181,48,-5.0,0.4963,0.0247,4.39,1.13,1,7
2023,6,KIA,144,73,69,2,0.514,13.0,38,2,31,35,0,38,0.5507246376811594,0.4794520547945205,0.0,0.276,0.345,0.39,0.735,101,726,673,1365,224,21,500,46,957,44,5607,4954,0.1139999999999999,0.0891742464776172,0.1706795077581594,0.3238148742643125,4.13,1.42,6.950354609929078,4.0,4.040031520882585,33,66,73,69,650,1269.0,980,564,89,0.981,102,137,12,122,78.2,41,6,156,34,76.0,0.5504,-0.0364,6.17,1.36,2,10
2023,7,롯데,144,68,76,0,0.472,19.0,38,0,35,30,0,41,0.5205479452054794,0.4225352112676056,0.0,0.265,0.338,0.362,0.7,69,653,608,1289,231,19,522,51,1000,57,5576,4871,0.0969999999999999,0.0936154949784792,0.1793400286944046,0.3101237446197992,4.15,1.46,7.568771286350537,3.763164789101389,3.7831805082525545,35,82,68,76,660,1272.3333333333333,1070,532,80,0.981,103,111,13,101,70.6,42,12,143,42,-7.0,0.4951,-0.0231,5.29,2.07,1,9
2023,8,삼성,144,61,82,1,0.427,25.5,32,0,39,29,1,43,0.4507042253521127,0.4027777777777778,0.0,0.263,0.334,0.368,0.702,88,636,603,1290,208,23,487,62,954,43,5581,4912,0.1049999999999999,0.0872603476079555,0.1709371080451532,0.3101738039777817,4.6,1.47,6.329335071707954,3.266753585397653,4.2247718383311605,38,69,61,82,728,1278.3333333333333,899,464,120,0.981,103,111,6,103,74.6,56,10,138,35,-92.0,0.4385,-0.0115,8.26,1.5,1,10
2023,9,한화,144,58,80,6,0.42,26.0,32,1,40,26,5,40,0.4444444444444444,0.3939393939393939,0.0,0.241,0.324,0.35,0.674,100,604,568,1184,211,12,535,88,1162,40,5628,4906,0.1089999999999999,0.0950604122245913,0.2064676616915423,0.3013877043354655,4.38,1.4,7.225548387096774,3.609290322580645,4.05316129032258,20,68,58,80,708,1291.6666666666667,1037,518,101,0.98,109,106,10,67,75.3,35,7,89,22,-104.0,0.4278,-0.0078,8.9,0.79,6,10
2023,10,키움,144,58,83,3,0.411,27.5,33,2,36,25,1,47,0.4782608695652174,0.3472222222222222,0.0,0.261,0.331,0.353,0.684,61,607,576,1323,223,30,484,74,1096,58,5729,5062,0.0919999999999999,0.0844824576714959,0.1913073834875196,0.3046186070867516,4.42,1.45,6.720310478654593,3.7164294954721866,3.939715394566624,33,61,58,83,710,1288.3333333333333,962,532,84,0.979,114,125,9,54,83.1,37,7,65,11,-103.0,0.4288,-0.0178,8.11,2.0,1,10
2024,1,KIA,144,87,55,2,0.613,0.0,42,1,30,45,1,25,0.5833333333333334,0.6428571428571429,1.0,0.301,0.369,0.459,0.828,163,858,812,1542,266,28,529,59,915,53,5812,5124,0.158,0.0910185822436338,0.1574328974535443,0.3610839642119752,4.4,1.48,7.861024844720497,3.766304347826088,4.329658385093168,44,89,87,55,759,1288.0,1125,539,141,0.973,146,133,10,125,74.0,45,4,169,44,99.0,0.5559,0.0571,1.07,0.28,1,3
2024,2,삼성,144,78,64,2,0.549,9.0,41,0,32,37,2,32,0.5616438356164384,0.5362318840579711,1.0,0.269,0.346,0.428,0.774,185,770,734,1336,204,17,531,87,1150,47,5697,4975,0.1589999999999999,0.0932069510268562,0.2018606284009127,0.3390995260663507,4.68,1.45,6.876299376299376,3.346933471933472,4.639189189189189,41,116,78,64,719,1282.6666666666667,980,477,164,0.984,81,105,8,113,79.6,39,4,142,29,51.0,0.5313,0.0177,3.26,1.73,1,9
2024,3,LG,144,76,66,2,0.535,11.0,39,1,33,37,1,33,0.5416666666666666,0.5285714285714286,1.0,0.283,0.366,0.414,0.78,115,808,765,1394,238,29,616,71,969,73,5725,4919,0.131,0.1075982532751091,0.1692576419213974,0.343682096069869,4.63,1.49,7.625685199686766,3.728269381362568,4.218794048551292,34,65,76,66,728,1277.0,1082,529,126,0.981,102,135,10,171,68.4,61,12,250,79,80.0,0.5476,-0.0126,3.26,1.25,1,6
2024,4,두산,144,74,68,2,0.521,13.0,39,1,31,35,1,37,0.5571428571428572,0.4861111111111111,1.0,0.276,0.35,0.424,0.774,150,789,743,1375,243,21,510,81,1077,59,5680,4975,0.1479999999999999,0.0897887323943662,0.189612676056338,0.3385809859154929,4.82,1.49,7.593092703193975,4.101532069592314,4.462009867566866,41,87,74,68,748,1283.6666666666667,1083,585,135,0.984,84,109,15,184,78.6,56,4,234,50,41.0,0.5244,-0.0034,4.5,1.5,2,8
2024,5,KT,144,72,70,2,0.507,15.0,34,1,36,38,1,34,0.4857142857142857,0.5277777777777778,1.0,0.279,0.355,0.417,0.772,145,767,722,1413,234,16,580,49,1123,45,5808,5072,0.1379999999999999,0.099862258953168,0.1933539944903581,0.3390323691460055,5.11,1.47,7.834414741759668,3.1043342849727487,4.214534129249936,28,50,72,70,804,1284.3333333333333,1118,443,155,0.978,116,110,14,61,69.3,37,4,88,27,-37.0,0.4785,0.0285,7.09,1.76,4,10
2024,6,SSG,144,72,70,2,0.507,15.0,35,1,35,37,1,35,0.5,0.5138888888888888,0.0,0.273,0.342,0.42,0.762,152,756,724,1367,239,20,470,77,1095,48,5647,5001,0.1469999999999999,0.0832300336461838,0.1939082698778112,0.3339312909509474,5.25,1.55,8.470727224993436,4.465739039117879,4.649986873195065,33,80,72,70,814,1269.6666666666667,1195,630,163,0.977,119,123,11,149,79.3,32,3,188,39,-58.0,0.4662,0.0408,5.01,1.14,1,8
2024,7,롯데,144,66,74,4,0.471,20.0,37,3,31,29,1,43,0.5441176470588235,0.4027777777777778,0.0,0.285,0.352,0.43,0.782,125,802,757,1454,285,41,494,68,1079,57,5766,5110,0.145,0.0856746444675685,0.1871314602844259,0.3422407214706902,5.05,1.53,7.948204060385215,3.675429463820927,4.2455491931285785,30,58,66,74,791,1280.6666666666667,1131,523,139,0.977,123,143,3,105,71.4,54,13,147,42,11.0,0.5063,-0.0353,8.5,1.04,6,10
2024,8,한화,144,66,76,2,0.465,21.0,30,2,39,36,0,37,0.4347826086956521,0.4931506849315068,0.0,0.27,0.347,0.398,0.745,127,745,698,1351,224,18,530,85,1077,40,5702,5005,0.128,0.0929498421606453,0.1888810943528586,0.3299228340933006,4.98,1.53,7.978556485355648,3.608002092050209,4.113964435146444,26,68,66,76,780,1274.6666666666667,1130,511,128,0.98,105,132,12,69,62.7,44,7,110,41,-35.0,0.479,-0.014,7.23,1.88,1,10
2024,9,NC,144,61,81,2,0.43,26.0,34,0,39,27,2,42,0.4657534246575342,0.391304347826087,0.0,0.274,0.353,0.428,0.781,172,773,737,1371,226,15,513,128,1200,57,5757,5009,0.1539999999999999,0.0891089108910891,0.208441896821261,0.3424127149557061,5.0,1.51,7.485497778939116,3.7462764567546376,4.339012281160178,22,65,61,81,801,1275.6666666666667,1061,531,137,0.979,108,115,8,104,75.9,47,10,137,33,-28.0,0.4837,-0.0537,5.61,2.66,1,10
2024,10,키움,144,58,86,0,0.403,30.0,32,0,41,26,0,45,0.4383561643835616,0.3661971830985915,0.0,0.264,0.337,0.38,0.717,104,672,641,1326,222,24,492,78,1141,49,5671,5015,0.1159999999999999,0.0867571856815376,0.201199083054135,0.3180215129606771,5.16,1.5,6.5130958617077,3.514667365112624,4.663855421686748,23,48,58,86,796,1272.6666666666667,921,497,150,0.98,104,129,10,71,84.5,33,3,84,13,-124.0,0.4231,-0.0201,8.72,2.08,2,10
2025,1,LG,144,85,56,3,0.603,0.0,41,1,29,44,2,27,0.5857142857142857,0.6197183098591549,1.0,0.278,0.361,0.409,0.77,130,788,732,1366,219,19,604,68,975,59,5713,4919,0.1309999999999999,0.1057237878522667,0.1706633992648346,0.3388499912480308,3.79,1.35,7.597707139134966,3.4541427826993227,3.733090151120376,42,77,85,56,584,1279.3333333333333,1080,491,91,0.983,92,137,7,121,71.2,49,7,170,49,204.0,0.6337,-0.0307,1.26,0.45,1,3
2025,2,한화,144,83,57,4,0.593,1.5,44,2,27,39,2,30,0.6197183098591549,0.5652173913043478,1.0,0.266,0.335,0.395,0.73,116,689,643,1303,250,16,439,90,1038,46,5547,4892,0.129,0.079141878492879,0.1871281773931855,0.3198882278709212,3.55,1.27,9.339447171273571,3.138723843967967,3.4146732110565745,41,57,83,57,554,1290.3333333333333,1339,450,102,0.984,86,100,11,101,72.7,50,15,139,38,135.0,0.5985,-0.0055,2.52,2.16,1,10
2025,3,SSG,144,75,65,4,0.536,9.5,38,4,31,37,0,34,0.5507246376811594,0.5211267605633803,1.0,0.256,0.33,0.376,0.706,127,609,578,1249,175,14,493,60,1159,37,5517,4875,0.12,0.0893601595069784,0.2100779409099148,0.31273699474352,3.63,1.3,8.366493506493507,3.5766233766233766,3.88025974025974,36,102,75,65,576,1283.3333333333333,1193,510,115,0.98,106,139,4,129,73.3,40,3,176,47,33.0,0.5255,0.0105,4.41,1.6,1,8
2025,4,삼성,144,74,68,2,0.521,11.5,41,0,30,33,2,38,0.5774647887323944,0.4647887323943662,1.0,0.271,0.353,0.427,0.78,161,775,728,1330,241,18,564,86,1087,55,5671,4899,0.1559999999999999,0.099453359195909,0.1916769529183565,0.3410879915358843,4.12,1.35,7.434576983709932,3.227798213347346,4.141933788754598,25,76,74,68,647,1268.6666666666667,1048,455,132,0.984,87,122,12,98,75.4,53,3,130,32,128.0,0.5818,-0.0608,5.02,1.84,1,8
2025,5,NC,144,71,67,6,0.514,12.5,36,1,34,35,5,33,0.5142857142857142,0.5147058823529411,1.0,0.26,0.344,0.399,0.743,128,732,685,1254,221,31,504,136,1090,52,5570,4816,0.139,0.0904847396768402,0.1956912028725314,0.3273303411131059,4.82,1.5,7.618110236220473,4.400787401574803,4.697637795275591,39,103,71,67,766,1270.0,1075,621,146,0.978,116,119,7,186,74.4,45,14,250,64,-34.0,0.4792,0.0348,7.07,1.32,3,9
2025,6,KT,144,71,68,5,0.511,13.0,36,2,35,35,3,33,0.5070422535211268,0.5147058823529411,0.0,0.253,0.337,0.369,0.706,104,648,613,1228,214,17,555,80,1044,43,5588,4845,0.1159999999999999,0.0993199713672154,0.1868289191123836,0.3137151037938439,4.09,1.4,7.512125162972621,3.0485006518904822,3.821903520208605,37,60,71,68,657,1278.3333333333333,1067,433,112,0.981,103,105,6,48,66.7,40,9,72,24,-9.0,0.4937,0.0173,4.91,1.1,2,7
2025,7,롯데,144,66,72,6,0.478,17.5,35,4,34,31,2,38,0.5072463768115942,0.4492753623188406,0.0,0.267,0.346,0.372,0.718,75,676,629,1318,242,26,530,91,1030,45,5682,4944,0.1049999999999999,0.0932770151355156,0.1812741992256248,0.3178335093277015,4.75,1.49,8.24765625,3.9375,4.1507812500000005,36,69,66,72,749,1280.0,1173,560,128,0.979,111,117,13,91,76.5,51,2,119,28,-73.0,0.4532,0.0248,4.13,1.73,2,10
2025,8,KIA,144,65,75,4,0.464,19.5,35,2,34,30,2,41,0.5072463768115942,0.4225352112676056,0.0,0.258,0.335,0.399,0.734,144,668,624,1276,232,16,526,67,1211,39,5619,4944,0.141,0.0936109628047695,0.2155187755828439,0.3240612208578039,4.66,1.43,7.470188284518827,3.608002092050209,4.062186192468619,30,82,65,75,734,1274.6666666666667,1058,511,110,0.977,123,127,8,77,77.8,44,7,99,22,-66.0,0.457,0.007,6.4,1.67,1,10
2025,9,두산,144,61,77,6,0.442,22.5,29,4,40,32,2,37,0.4202898550724637,0.463768115942029,0.0,0.262,0.331,0.383,0.714,102,647,592,1298,232,31,469,65,1169,42,5581,4952,0.121,0.0840351191542734,0.2094606701308009,0.3153270023293317,4.3,1.38,7.4109375,3.8109375,4.1625000000000005,29,69,61,77,686,1280.0,1054,542,109,0.977,120,123,12,144,77.0,58,8,187,43,-39.0,0.4732,-0.0312,8.61,0.9,4,10
2025,10,키움,144,47,93,4,0.336,37.5,23,2,46,24,2,47,0.3333333333333333,0.3380281690140845,0.0,0.244,0.312,0.359,0.671,104,581,540,1202,217,20,439,63,1221,33,5508,4935,0.1149999999999999,0.0797022512708787,0.221677559912854,0.2979212055192448,5.39,1.57,6.6453900709219855,3.900709219858156,4.736643026004728,31,55,47,93,860,1269.0,937,550,146,0.977,119,111,13,83,84.7,38,5,98,15,-279.0,0.3279,0.0081,9.64,1.21,2,10
2026,1,KT,22,16,6,0,0.727,0.0,8,0,4,8,0,2,0.6666666666666666,0.8,,0.289,0.368,0.418,0.786,18,139,131,225,45,4,113,11,187,8,906,778,0.129,0.1247240618101545,0.206401766004415,0.3619646799116998,3.83,1.41,8.01,3.285,3.62,8,13,16,6,95,200.0,178,73,14,0.98,17,24,0,8,53.3,5,0,15,7,44.0,0.6674,0.0596,1.43,0.66,1,3
2026,2,LG,21,14,7,0,0.667,1.5,9,0,5,5,0,2,0.6428571428571429,0.7142857142857143,,0.265,0.37,0.367,0.737,12,96,93,182,30,1,116,15,161,9,825,688,0.1019999999999999,0.1406060606060606,0.1951515151515151,0.3387515151515152,3.47,1.34,7.363636363636364,3.2245989304812834,3.825668449197861,11,14,14,7,78,187.0,153,67,15,0.985,12,16,0,19,73.1,10,1,26,7,18.0,0.5939,0.0731,3.65,2.31,1,8
2026,3,SSG,21,13,8,0,0.619,2.5,6,0,4,7,0,4,0.6,0.6363636363636364,,0.266,0.357,0.421,0.778,22,119,110,192,42,2,108,13,183,7,851,722,0.1549999999999999,0.126909518213866,0.2150411280846063,0.3511163337250294,4.21,1.49,7.596774193548387,4.693548387096774,4.506451612903226,5,6,13,8,103,186.0,157,97,17,0.975,20,23,1,18,85.7,5,0,21,3,16.0,0.5657,0.0533,2.61,1.47,1,5
2026,4,삼성,21,12,8,1,0.6,3.0,6,1,6,6,0,2,0.5,0.75,,0.269,0.368,0.402,0.77,15,115,107,196,36,7,120,14,171,5,860,728,0.133,0.1395348837209302,0.1988372093023255,0.3537906976744185,4.26,1.43,6.63157894736842,4.215789473684211,4.836842105263158,5,13,12,8,95,190.0,140,89,21,0.986,11,19,3,12,66.7,4,2,18,6,20.0,0.5865,0.0135,3.65,1.99,1,8
2026,5,KIA,22,10,12,0,0.455,6.0,5,0,3,5,0,9,0.625,0.3571428571428571,,0.266,0.35,0.39,0.74,17,109,105,198,40,0,110,9,185,8,874,744,0.124,0.125858123569794,0.2116704805491991,0.3368077803203661,4.9,1.47,6.8549222797927465,4.196891191709844,4.692227979274612,4,16,10,12,112,193.0,147,90,21,0.983,13,13,2,10,83.3,4,2,12,2,-3.0,0.4876,-0.0326,6.43,2.0,4,10
2026,6,한화,21,9,12,0,0.429,6.5,2,0,9,7,0,3,0.1818181818181818,0.7,,0.271,0.344,0.385,0.729,18,124,117,205,31,4,95,15,189,7,870,757,0.1139999999999999,0.1091954022988505,0.2172413793103448,0.3394022988505747,5.36,1.73,8.23404255319149,5.601063829787234,4.407446808510638,2,16,9,12,131,188.0,172,117,13,0.968,25,24,2,13,68.4,4,2,19,6,-7.0,0.4749,-0.0459,5.13,1.77,1,7
2026,6,NC,21,9,12,0,0.429,6.5,6,0,6,3,0,6,0.5,0.3333333333333333,,0.252,0.35,0.388,0.738,20,98,89,180,33,0,91,25,182,1,829,713,0.136,0.1097708082026538,0.2195416164053076,0.3350180940892642,4.23,1.33,7.229508196721311,4.426229508196721,4.71912568306011,2,10,9,12,91,183.0,147,90,20,0.984,12,15,1,33,84.6,7,1,39,6,7.0,0.5339,-0.1049,4.22,1.98,1,7
2026,6,두산,22,9,12,1,0.429,6.5,4,0,4,5,1,8,0.5,0.3846153846153846,,0.25,0.33,0.379,0.709,18,100,92,188,36,5,88,19,188,10,868,752,0.129,0.1013824884792626,0.216589861751152,0.323536866359447,4.52,1.5,8.538461538461538,4.384615384615384,4.046153846153846,4,5,9,12,116,195.0,185,95,16,0.979,17,18,1,16,84.2,3,1,19,3,-16.0,0.4325,-0.0035,7.48,1.31,5,9
2026,9,롯데,21,7,14,0,0.333,8.5,2,0,8,5,0,6,0.2,0.4545454545454545,,0.25,0.3,0.359,0.659,17,65,61,178,32,2,68,4,188,6,788,711,0.1089999999999999,0.0862944162436548,0.2385786802030456,0.3076269035532994,4.64,1.53,8.3001808318264,4.638336347197107,3.99746835443038,4,6,7,14,106,184.33333333333331,170,95,13,0.982,14,13,1,14,77.8,12,0,18,4,-41.0,0.2901,0.0429,6.96,2.57,1,10
2026,10,키움,22,7,15,0,0.318,9.0,4,0,5,3,0,10,0.4444444444444444,0.2307692307692307,,0.232,0.314,0.337,0.651,11,74,67,171,36,1,75,19,204,6,833,736,0.105,0.0900360144057623,0.2448979591836734,0.2945258103241296,4.74,1.56,7.090434782608696,3.6626086956521737,4.222608695652174,6,14,7,15,112,191.66666666666663,151,78,18,0.972,22,20,0,6,100.0,6,0,6,0,-38.0,0.319,-0.001,8.78,1.41,6,10
